,#,Equation,activationEnergy,chemicalComposition,facet,reactionEnergy,,,,,,,,,,,,
0,62355,CH4(g) + 5* -> C* + 4H*,,Ag12,111,6.961600037,,,,,,,,,,,,
1,76711,CH4(g) + 5* -> C* + 4H*,,AgAl3,111,3.83291172,,,,,,,,,,,,
2,63665,CH4(g) + 5* -> C* + 4H*,,AgAu3,111,5.9512480210000000,,,,,,,,,,,,
3,59637,CH4(g) + 5* -> C* + 4H*,,AgBi3,111,6.576975698000000,,,,,,,,,,,,
4,73933,CH4(g) + 5* -> C* + 4H*,,AgCd3,111,8.681552834,,,,,,,,,,,,
5,17241,CH4(g) + 5* -> C* + 4H*,,AgCo3,111,0.47687923,,,,,,,,,,,,
6,7760,CH4(g) + 5* -> C* + 4H*,,AgCr3,111,-2.32065879,,,,,,,,,,,,
7,71920,CH4(g) + 5* -> C* + 4H*,,AgCu3,111,3.630959578,,,,,,,,,,,,
8,76458,CH4(g) + 5* -> C* + 4H*,,AgGa3,111,6.255115912000000,,,,,,,,,,,,
9,9093,CH4(g) + 5* -> C* + 4H*,,AgHf3,111,-3.348442419,,,,,,,,,,,,
10,74580,CH4(g) + 5* -> C* + 4H*,,AgHg3,111,9.448928689,,,,,,,,,,,,
11,78073,CH4(g) + 5* -> C* + 4H*,,AgIn3,111,7.1417345,,,,,,,,,,,,
12,16762,CH4(g) + 5* -> C* + 4H*,,AgIr3,111,-0.575593695,,,,,,,,,,,,
13,872,CH4(g) + 5* -> C* + 4H*,,AgLa3,111,-1.260776068,,,,,,,,,,,,
14,10300,CH4(g) + 5* -> C* + 4H*,,AgMo3,111,-2.630615364,,,,,,,,,,,,
15,3690,CH4(g) + 5* -> C* + 4H*,,AgNb3,111,-3.351148999,,,,,,,,,,,,
16,16996,CH4(g) + 5* -> C* + 4H*,,AgNi3,111,0.428657529,,,,,,,,,,,,
17,14417,CH4(g) + 5* -> C* + 4H*,,AgOs3,111,-0.776875757,,,,,,,,,,,,
18,79792,CH4(g) + 5* -> C* + 4H*,,AgPb3,111,7.9979181080000000,,,,,,,,,,,,
19,61142,CH4(g) + 5* -> C* + 4H*,,AgPd3,111,1.269558951,,,,,,,,,,,,
20,15812,CH4(g) + 5* -> C* + 4H*,,AgPt3,111,0.502768413,,,,,,,,,,,,
21,12640,CH4(g) + 5* -> C* + 4H*,,AgRe3,111,-1.664919814,,,,,,,,,,,,
22,16208,CH4(g) + 5* -> C* + 4H*,,AgRh3,111,-0.568198049,,,,,,,,,,,,
23,14661,CH4(g) + 5* -> C* + 4H*,,AgRu3,111,-0.700445511,,,,,,,,,,,,
24,5288,CH4(g) + 5* -> C* + 4H*,,AgSc3,111,-3.3184248610000000,,,,,,,,,,,,
25,79799,CH4(g) + 5* -> C* + 4H*,,AgSn3,111,7.437163869,,,,,,,,,,,,
26,9705,CH4(g) + 5* -> C* + 4H*,,AgTa3,111,-3.679017603,,,,,,,,,,,,
27,12804,CH4(g) + 5* -> C* + 4H*,,AgTc3,111,-1.44537728,,,,,,,,,,,,
28,8992,CH4(g) + 5* -> C* + 4H*,,AgTi3,111,-3.37649994,,,,,,,,,,,,
29,82751,CH4(g) + 5* -> C* + 4H*,,AgTl3,111,8.455391132,,,,,,,,,,,,
30,9327,CH4(g) + 5* -> C* + 4H*,,AgV3,111,-3.189948217,,,,,,,,,,,,
31,11421,CH4(g) + 5* -> C* + 4H*,,AgW3,111,-3.335391295,,,,,,,,,,,,
32,87745,CH4(g) + 5* -> C* + 4H*,,AgY3,111,-2.689810328,,,,,,,,,,,,
33,75585,CH4(g) + 5* -> C* + 4H*,,AgZn3,111,6.618072235,,,,,,,,,,,,
34,5694,CH4(g) + 5* -> C* + 4H*,,AgZr3,111,-3.0562626330000000,,,,,,,,,,,,
35,59218,CH4(g) + 5* -> C* + 4H*,,Ag3Al,111,5.5542778770000000,,,,,,,,,,,,
36,72019,CH4(g) + 5* -> C* + 4H*,,Ag3Au,111,6.631745411,,,,,,,,,,,,
37,62072,CH4(g) + 5* -> C* + 4H*,,Ag3Bi,111,7.014728495,,,,,,,,,,,,
38,73022,CH4(g) + 5* -> C* + 4H*,,Ag3Co,111,2.843287295,,,,,,,,,,,,
39,69895,CH4(g) + 5* -> C* + 4H*,,Ag3Cr,111,0.935519078,,,,,,,,,,,,
40,63564,CH4(g) + 5* -> C* + 4H*,,Ag3Cu,111,5.637338585,,,,,,,,,,,,
41,44630,CH4(g) + 5* -> C* + 4H*,,Ag3Fe,111,3.297362025,,,,,,,,,,,,
42,63566,CH4(g) + 5* -> C* + 4H*,,Ag3Ga,111,6.2008810390000000,,,,,,,,,,,,
43,72077,CH4(g) + 5* -> C* + 4H*,,Ag3Hf,111,2.155888418,,,,,,,,,,,,
44,59866,CH4(g) + 5* -> C* + 4H*,,Ag3Hg,111,10.68729877,,,,,,,,,,,,
45,71313,CH4(g) + 5* -> C* + 4H*,,Ag3Ir,111,-0.0029271280000000000,,,,,,,,,,,,
46,44632,CH4(g) + 5* -> C* + 4H*,,Ag3La,111,3.853374545,,,,,,,,,,,,
47,70062,CH4(g) + 5* -> C* + 4H*,,Ag3Mo,111,0.088667614,,,,,,,,,,,,
48,73517,CH4(g) + 5* -> C* + 4H*,,Ag3Nb,111,0.951185216,,,,,,,,,,,,
49,72410,CH4(g) + 5* -> C* + 4H*,,Ag3Ni,111,3.7147151290000000,,,,,,,,,,,,
50,59214,CH4(g) + 5* -> C* + 4H*,,Ag3Os,111,-1.020931394,,,,,,,,,,,,
51,63606,CH4(g) + 5* -> C* + 4H*,,Ag3Pb,111,7.089705654000000,,,,,,,,,,,,
52,71464,CH4(g) + 5* -> C* + 4H*,,Ag3Pd,111,5.242186705,,,,,,,,,,,,
53,70708,CH4(g) + 5* -> C* + 4H*,,Ag3Pt,111,2.9777228240000000,,,,,,,,,,,,
54,71312,CH4(g) + 5* -> C* + 4H*,,Ag3Re,111,-1.2428040390000000,,,,,,,,,,,,
55,71849,CH4(g) + 5* -> C* + 4H*,,Ag3Rh,111,1.7797077720000000,,,,,,,,,,,,
56,70661,CH4(g) + 5* -> C* + 4H*,,Ag3Ru,111,0.235293707,,,,,,,,,,,,
57,70727,CH4(g) + 5* -> C* + 4H*,,Ag3Sc,111,3.832084902,,,,,,,,,,,,
58,64189,CH4(g) + 5* -> C* + 4H*,,Ag3Sn,111,6.832497259,,,,,,,,,,,,
59,73250,CH4(g) + 5* -> C* + 4H*,,Ag3Ta,111,0.45962939,,,,,,,,,,,,
60,70660,CH4(g) + 5* -> C* + 4H*,,Ag3Tc,111,-0.212398865,,,,,,,,,,,,
61,72689,CH4(g) + 5* -> C* + 4H*,,Ag3Ti,111,2.378406381,,,,,,,,,,,,
62,73724,CH4(g) + 5* -> C* + 4H*,,Ag3V,111,1.466947473,,,,,,,,,,,,
63,70659,CH4(g) + 5* -> C* + 4H*,,Ag3W,111,-0.635212477,,,,,,,,,,,,
64,69894,CH4(g) + 5* -> C* + 4H*,,Ag3Y,111,3.953999113,,,,,,,,,,,,
65,63565,CH4(g) + 5* -> C* + 4H*,,Ag3Zn,111,6.797049942,,,,,,,,,,,,
66,71440,CH4(g) + 5* -> C* + 4H*,,Ag3Zr,111,2.288710176,,,,,,,,,,,,
67,62838,CH4(g) + 5* -> C* + 4H*,,Al12,111,3.997197865,,,,,,,,,,,,
68,17437,CH4(g) + 5* -> C* + 4H*,,AlAu3,111,7.5302824490000000,,,,,,,,,,,,
69,71923,CH4(g) + 5* -> C* + 4H*,,AlCd3,111,5.006075568,,,,,,,,,,,,
70,7016,CH4(g) + 5* -> C* + 4H*,,AlCr3,111,-2.279165512,,,,,,,,,,,,
71,16421,CH4(g) + 5* -> C* + 4H*,,AlCu3,111,3.956258338,,,,,,,,,,,,
72,16898,CH4(g) + 5* -> C* + 4H*,,AlFe3,111,-0.307480066,,,,,,,,,,,,
73,78302,CH4(g) + 5* -> C* + 4H*,,AlGa3,111,4.443055029,,,,,,,,,,,,
74,12298,CH4(g) + 5* -> C* + 4H*,,AlHf3,111,-2.8454274710000000,,,,,,,,,,,,
75,76826,CH4(g) + 5* -> C* + 4H*,,AlIn3,111,4.545610653,,,,,,,,,,,,
76,61148,CH4(g) + 5* -> C* + 4H*,,AlIr3,111,0.139599842,,,,,,,,,,,,
77,1263,CH4(g) + 5* -> C* + 4H*,,AlLa3,111,-0.765751335,,,,,,,,,,,,
78,10829,CH4(g) + 5* -> C* + 4H*,,AlMo3,111,-2.103018332,,,,,,,,,,,,
79,60534,CH4(g) + 5* -> C* + 4H*,,AlNb3,111,-2.7269209410000000,,,,,,,,,,,,
80,60537,CH4(g) + 5* -> C* + 4H*,,AlOs3,111,-0.26781512,,,,,,,,,,,,
81,81162,CH4(g) + 5* -> C* + 4H*,,AlPb3,111,5.843699108000000,,,,,,,,,,,,
82,17709,CH4(g) + 5* -> C* + 4H*,,AlPd3,111,2.2893148130000000,,,,,,,,,,,,
83,15816,CH4(g) + 5* -> C* + 4H*,,AlPt3,111,1.381720602,,,,,,,,,,,,
84,12709,CH4(g) + 5* -> C* + 4H*,,AlRe3,111,-0.914055691,,,,,,,,,,,,
85,45803,CH4(g) + 5* -> C* + 4H*,,AlRh3,111,0.187886578,,,,,,,,,,,,
86,15120,CH4(g) + 5* -> C* + 4H*,,AlRu3,111,-0.48165115400000000,,,,,,,,,,,,
87,3723,CH4(g) + 5* -> C* + 4H*,,AlSc3,111,-2.639868459,,,,,,,,,,,,
88,59867,CH4(g) + 5* -> C* + 4H*,,AlSn3,111,5.512496702000000,,,,,,,,,,,,
89,13166,CH4(g) + 5* -> C* + 4H*,,AlTa3,111,-3.124931513,,,,,,,,,,,,
90,13601,CH4(g) + 5* -> C* + 4H*,,AlTc3,111,-0.7680340990000000,,,,,,,,,,,,
91,8897,CH4(g) + 5* -> C* + 4H*,,AlTi3,111,-2.885717734,,,,,,,,,,,,
92,59219,CH4(g) + 5* -> C* + 4H*,,AlTl3,111,4.674602137,,,,,,,,,,,,
93,4841,CH4(g) + 5* -> C* + 4H*,,AlV3,111,-2.893210253,,,,,,,,,,,,
94,11457,CH4(g) + 5* -> C* + 4H*,,AlW3,111,-2.344469159,,,,,,,,,,,,
95,88443,CH4(g) + 5* -> C* + 4H*,,AlY3,111,-2.2287241780000000,,,,,,,,,,,,
96,17840,CH4(g) + 5* -> C* + 4H*,,AlZn3,111,5.364272076000000,,,,,,,,,,,,
97,6547,CH4(g) + 5* -> C* + 4H*,,AlZr3,111,-2.7715786320000000,,,,,,,,,,,,
98,76235,CH4(g) + 5* -> C* + 4H*,,Al3Au,111,3.91271509,,,,,,,,,,,,
99,63353,CH4(g) + 5* -> C* + 4H*,,Al3Bi,111,3.434770126,,,,,,,,,,,,
100,75460,CH4(g) + 5* -> C* + 4H*,,Al3Cd,111,3.912751009,,,,,,,,,,,,
101,76710,CH4(g) + 5* -> C* + 4H*,,Al3Cr,111,2.9444530980000000,,,,,,,,,,,,
102,75459,CH4(g) + 5* -> C* + 4H*,,Al3Cu,111,4.300689014,,,,,,,,,,,,
103,75457,CH4(g) + 5* -> C* + 4H*,,Al3Fe,111,4.495861849,,,,,,,,,,,,
104,71924,CH4(g) + 5* -> C* + 4H*,,Al3Ga,111,3.7428254410000000,,,,,,,,,,,,
105,75450,CH4(g) + 5* -> C* + 4H*,,Al3Hf,111,2.045498093,,,,,,,,,,,,
106,75461,CH4(g) + 5* -> C* + 4H*,,Al3Hg,111,3.8699062770000000,,,,,,,,,,,,
107,71925,CH4(g) + 5* -> C* + 4H*,,Al3In,111,3.9078207140000000,,,,,,,,,,,,
108,75456,CH4(g) + 5* -> C* + 4H*,,Al3Ir,111,3.5997322020000000,,,,,,,,,,,,
109,74585,CH4(g) + 5* -> C* + 4H*,,Al3La,111,0.83952439,,,,,,,,,,,,
110,44098,CH4(g) + 5* -> C* + 4H*,,Al3Mn,111,3.794410197,,,,,,,,,,,,
111,75452,CH4(g) + 5* -> C* + 4H*,,Al3Mo,111,3.5801896660000000,,,,,,,,,,,,
112,76012,CH4(g) + 5* -> C* + 4H*,,Al3Nb,111,2.95760953,,,,,,,,,,,,
113,59900,CH4(g) + 5* -> C* + 4H*,,Al3Ni,111,5.7372828690000000,,,,,,,,,,,,
114,75455,CH4(g) + 5* -> C* + 4H*,,Al3Os,111,2.196252969,,,,,,,,,,,,
115,71949,CH4(g) + 5* -> C* + 4H*,,Al3Pb,111,3.01597237,,,,,,,,,,,,
116,76013,CH4(g) + 5* -> C* + 4H*,,Al3Pd,111,4.468451686,,,,,,,,,,,,
117,75458,CH4(g) + 5* -> C* + 4H*,,Al3Pt,111,4.960745349,,,,,,,,,,,,
118,44634,CH4(g) + 5* -> C* + 4H*,,Al3Re,111,2.478391345,,,,,,,,,,,,
119,60528,CH4(g) + 5* -> C* + 4H*,,Al3Rh,111,5.173245712,,,,,,,,,,,,
120,60536,CH4(g) + 5* -> C* + 4H*,,Al3Ru,111,3.782410385,,,,,,,,,,,,
121,74586,CH4(g) + 5* -> C* + 4H*,,Al3Sc,111,1.6116480880000000,,,,,,,,,,,,
122,72500,CH4(g) + 5* -> C* + 4H*,,Al3Sn,111,3.5123797140000000,,,,,,,,,,,,
123,75451,CH4(g) + 5* -> C* + 4H*,,Al3Ta,111,2.56704685,,,,,,,,,,,,
124,75454,CH4(g) + 5* -> C* + 4H*,,Al3Tc,111,3.856938692,,,,,,,,,,,,
125,43512,CH4(g) + 5* -> C* + 4H*,,Al3Ti,111,2.138150542,,,,,,,,,,,,
126,71927,CH4(g) + 5* -> C* + 4H*,,Al3Tl,111,4.363799561,,,,,,,,,,,,
127,76234,CH4(g) + 5* -> C* + 4H*,,Al3V,111,2.605638579,,,,,,,,,,,,
128,75453,CH4(g) + 5* -> C* + 4H*,,Al3W,111,2.6224454180000000,,,,,,,,,,,,
129,74584,CH4(g) + 5* -> C* + 4H*,,Al3Y,111,0.8502818670000000,,,,,,,,,,,,
130,59599,CH4(g) + 5* -> C* + 4H*,,Al3Zn,111,4.0571693060000000,,,,,,,,,,,,
131,75156,CH4(g) + 5* -> C* + 4H*,,Al3Zr,111,2.163378352,,,,,,,,,,,,
132,62219,CH4(g) + 5* -> C* + 4H*,,Au12,111,6.031036289000000,,,,,,,,,,,,
133,63905,CH4(g) + 5* -> C* + 4H*,,AuBi3,111,5.936060123,,,,,,,,,,,,
134,73932,CH4(g) + 5* -> C* + 4H*,,AuCd3,111,8.027236741,,,,,,,,,,,,
135,63562,CH4(g) + 5* -> C* + 4H*,,AuCo3,111,1.100381832,,,,,,,,,,,,
136,7041,CH4(g) + 5* -> C* + 4H*,,AuCr3,111,-2.015914965,,,,,,,,,,,,
137,59863,CH4(g) + 5* -> C* + 4H*,,AuCu3,111,4.007693432,,,,,,,,,,,,
138,76950,CH4(g) + 5* -> C* + 4H*,,AuGa3,111,6.147974897,,,,,,,,,,,,
139,8100,CH4(g) + 5* -> C* + 4H*,,AuHf3,111,-3.387056189,,,,,,,,,,,,
140,77348,CH4(g) + 5* -> C* + 4H*,,AuIn3,111,6.409985422,,,,,,,,,,,,
141,16277,CH4(g) + 5* -> C* + 4H*,,AuIr3,111,-0.312959214,,,,,,,,,,,,
142,871,CH4(g) + 5* -> C* + 4H*,,AuLa3,111,-1.397800625,,,,,,,,,,,,
143,59982,CH4(g) + 5* -> C* + 4H*,,AuMo3,111,-2.642130678,,,,,,,,,,,,
144,3289,CH4(g) + 5* -> C* + 4H*,,AuNb3,111,-3.300899505,,,,,,,,,,,,
145,16609,CH4(g) + 5* -> C* + 4H*,,AuNi3,111,0.7995465140000000,,,,,,,,,,,,
146,79005,CH4(g) + 5* -> C* + 4H*,,AuPb3,111,6.742350162,,,,,,,,,,,,
147,78776,CH4(g) + 5* -> C* + 4H*,,AuPd3,111,1.302067303,,,,,,,,,,,,
148,15811,CH4(g) + 5* -> C* + 4H*,,AuPt3,111,0.7699618890000000,,,,,,,,,,,,
149,12594,CH4(g) + 5* -> C* + 4H*,,AuRe3,111,-1.462565488,,,,,,,,,,,,
150,15618,CH4(g) + 5* -> C* + 4H*,,AuRh3,111,-0.221888699,,,,,,,,,,,,
151,61743,CH4(g) + 5* -> C* + 4H*,,AuRu3,111,-0.306644405,,,,,,,,,,,,
152,4524,CH4(g) + 5* -> C* + 4H*,,AuSc3,111,-3.17534999,,,,,,,,,,,,
153,79036,CH4(g) + 5* -> C* + 4H*,,AuSn3,111,6.268998071,,,,,,,,,,,,
154,11318,CH4(g) + 5* -> C* + 4H*,,AuTa3,111,-4.111202271,,,,,,,,,,,,
155,61156,CH4(g) + 5* -> C* + 4H*,,AuTc3,111,-1.187769967,,,,,,,,,,,,
156,8890,CH4(g) + 5* -> C* + 4H*,,AuTi3,111,-3.253787348,,,,,,,,,,,,
157,82173,CH4(g) + 5* -> C* + 4H*,,AuTl3,111,8.079452394,,,,,,,,,,,,
158,8542,CH4(g) + 5* -> C* + 4H*,,AuV3,111,-3.06913702,,,,,,,,,,,,
159,43514,CH4(g) + 5* -> C* + 4H*,,AuW3,111,-3.223142568,,,,,,,,,,,,
160,87772,CH4(g) + 5* -> C* + 4H*,,AuY3,111,-2.575484148,,,,,,,,,,,,
161,75197,CH4(g) + 5* -> C* + 4H*,,AuZn3,111,6.447923669,,,,,,,,,,,,
162,61739,CH4(g) + 5* -> C* + 4H*,,AuZr3,111,-3.1074189470000000,,,,,,,,,,,,
163,56641,CH4(g) + 5* -> C* + 4H*,,Au3Bi,111,5.464669293000000,,,,,,,,,,,,
164,17154,CH4(g) + 5* -> C* + 4H*,,Au3Cd,111,6.485091154,,,,,,,,,,,,
165,73068,CH4(g) + 5* -> C* + 4H*,,Au3Cr,111,2.299088734,,,,,,,,,,,,
166,16383,CH4(g) + 5* -> C* + 4H*,,Au3Cu,111,5.805189557,,,,,,,,,,,,
167,69893,CH4(g) + 5* -> C* + 4H*,,Au3Fe,111,4.508635553,,,,,,,,,,,,
168,69890,CH4(g) + 5* -> C* + 4H*,,Au3Hf,111,3.192111114,,,,,,,,,,,,
169,17963,CH4(g) + 5* -> C* + 4H*,,Au3In,111,6.137232387,,,,,,,,,,,,
170,69964,CH4(g) + 5* -> C* + 4H*,,Au3Ir,111,0.555111687,,,,,,,,,,,,
171,70493,CH4(g) + 5* -> C* + 4H*,,Au3La,111,4.486855289,,,,,,,,,,,,
172,70611,CH4(g) + 5* -> C* + 4H*,,Au3Mn,111,5.417197809,,,,,,,,,,,,
173,45228,CH4(g) + 5* -> C* + 4H*,,Au3Mo,111,1.461760983,,,,,,,,,,,,
174,71799,CH4(g) + 5* -> C* + 4H*,,Au3Nb,111,2.355037516,,,,,,,,,,,,
175,61141,CH4(g) + 5* -> C* + 4H*,,Au3Os,111,-0.082350083,,,,,,,,,,,,
176,18518,CH4(g) + 5* -> C* + 4H*,,Au3Pb,111,5.419068456000000,,,,,,,,,,,,
177,71801,CH4(g) + 5* -> C* + 4H*,,Au3Pd,111,4.925831102,,,,,,,,,,,,
178,71263,CH4(g) + 5* -> C* + 4H*,,Au3Pt,111,2.698235925,,,,,,,,,,,,
179,70632,CH4(g) + 5* -> C* + 4H*,,Au3Re,111,-0.022085576000000000,,,,,,,,,,,,
180,70610,CH4(g) + 5* -> C* + 4H*,,Au3Rh,111,2.588267376,,,,,,,,,,,,
181,59873,CH4(g) + 5* -> C* + 4H*,,Au3Ru,111,1.499251739,,,,,,,,,,,,
182,71147,CH4(g) + 5* -> C* + 4H*,,Au3Sc,111,4.917695715,,,,,,,,,,,,
183,71148,CH4(g) + 5* -> C* + 4H*,,Au3Ta,111,1.258975763,,,,,,,,,,,,
184,71285,CH4(g) + 5* -> C* + 4H*,,Au3Tc,111,1.1487179570000000,,,,,,,,,,,,
185,70494,CH4(g) + 5* -> C* + 4H*,,Au3Ti,111,3.76365317,,,,,,,,,,,,
186,72362,CH4(g) + 5* -> C* + 4H*,,Au3V,111,2.844544325,,,,,,,,,,,,
187,69915,CH4(g) + 5* -> C* + 4H*,,Au3W,111,0.489432386,,,,,,,,,,,,
188,69889,CH4(g) + 5* -> C* + 4H*,,Au3Y,111,4.718367022,,,,,,,,,,,,
189,16839,CH4(g) + 5* -> C* + 4H*,,Au3Zn,111,7.451813662,,,,,,,,,,,,
190,71719,CH4(g) + 5* -> C* + 4H*,,Au3Zr,111,3.7336020060000000,,,,,,,,,,,,
191,58659,CH4(g) + 5* -> C* + 4H*,,BiCd3,111,7.01695425,,,,,,,,,,,,
192,57146,CH4(g) + 5* -> C* + 4H*,,BiCu3,111,4.347654502,,,,,,,,,,,,
193,62256,CH4(g) + 5* -> C* + 4H*,,BiPd3,111,2.8338407270000000,,,,,,,,,,,,
194,61395,CH4(g) + 5* -> C* + 4H*,,BiPt3,111,1.2042159830000000,,,,,,,,,,,,
195,62896,CH4(g) + 5* -> C* + 4H*,,BiRh3,111,0.160853565,,,,,,,,,,,,
196,60191,CH4(g) + 5* -> C* + 4H*,,BiRu3,111,-0.69872167,,,,,,,,,,,,
197,62776,CH4(g) + 5* -> C* + 4H*,,Bi3Cd,111,8.822235145,,,,,,,,,,,,
198,62492,CH4(g) + 5* -> C* + 4H*,,Bi3Cu,111,8.977769972,,,,,,,,,,,,
199,59070,CH4(g) + 5* -> C* + 4H*,,Bi3Hf,111,2.67416732,,,,,,,,,,,,
200,57666,CH4(g) + 5* -> C* + 4H*,,Bi3Nb,111,7.472136756,,,,,,,,,,,,
201,62376,CH4(g) + 5* -> C* + 4H*,,Bi3Pd,111,6.415774915,,,,,,,,,,,,
202,60865,CH4(g) + 5* -> C* + 4H*,,Bi3Pt,111,9.07249416,,,,,,,,,,,,
203,62707,CH4(g) + 5* -> C* + 4H*,,Bi3Re,111,10.03392365,,,,,,,,,,,,
204,62612,CH4(g) + 5* -> C* + 4H*,,Bi3Rh,111,4.401690597,,,,,,,,,,,,
205,62809,CH4(g) + 5* -> C* + 4H*,,Bi3Ru,111,1.3992384740000000,,,,,,,,,,,,
206,58087,CH4(g) + 5* -> C* + 4H*,,Bi3W,111,-1.458111392,,,,,,,,,,,,
207,58737,CH4(g) + 5* -> C* + 4H*,,Cd12,111,8.721182541000000,,,,,,,,,,,,
208,18203,CH4(g) + 5* -> C* + 4H*,,CdCo3,111,-0.143863593,,,,,,,,,,,,
209,7014,CH4(g) + 5* -> C* + 4H*,,CdCr3,111,-1.6494203460000000,,,,,,,,,,,,
210,71922,CH4(g) + 5* -> C* + 4H*,,CdCu3,111,4.191543201,,,,,,,,,,,,
211,16465,CH4(g) + 5* -> C* + 4H*,,CdFe3,111,5.054691972,,,,,,,,,,,,
212,77148,CH4(g) + 5* -> C* + 4H*,,CdGa3,111,5.970785114,,,,,,,,,,,,
213,10199,CH4(g) + 5* -> C* + 4H*,,CdHf3,111,-3.405429723,,,,,,,,,,,,
214,74582,CH4(g) + 5* -> C* + 4H*,,CdHg3,111,10.11778695,,,,,,,,,,,,
215,59869,CH4(g) + 5* -> C* + 4H*,,CdIn3,111,6.995930599000000,,,,,,,,,,,,
216,17644,CH4(g) + 5* -> C* + 4H*,,CdIr3,111,-0.94206464,,,,,,,,,,,,
217,1257,CH4(g) + 5* -> C* + 4H*,,CdLa3,111,-1.021196569,,,,,,,,,,,,
218,12413,CH4(g) + 5* -> C* + 4H*,,CdMo3,111,-2.454190493,,,,,,,,,,,,
219,3713,CH4(g) + 5* -> C* + 4H*,,CdNb3,111,-3.452903656,,,,,,,,,,,,
220,15651,CH4(g) + 5* -> C* + 4H*,,CdNi3,111,-0.18344840200000000,,,,,,,,,,,,
221,43278,CH4(g) + 5* -> C* + 4H*,,CdOs3,111,-1.238493483,,,,,,,,,,,,
222,79793,CH4(g) + 5* -> C* + 4H*,,CdPb3,111,7.883556825,,,,,,,,,,,,
223,17153,CH4(g) + 5* -> C* + 4H*,,CdPd3,111,1.516854783,,,,,,,,,,,,
224,15815,CH4(g) + 5* -> C* + 4H*,,CdPt3,111,0.676106833,,,,,,,,,,,,
225,14243,CH4(g) + 5* -> C* + 4H*,,CdRe3,111,-1.499168744,,,,,,,,,,,,
226,59313,CH4(g) + 5* -> C* + 4H*,,CdRh3,111,-0.520094854,,,,,,,,,,,,
227,15119,CH4(g) + 5* -> C* + 4H*,,CdRu3,111,-1.042004434,,,,,,,,,,,,
228,3840,CH4(g) + 5* -> C* + 4H*,,CdSc3,111,-3.25729816,,,,,,,,,,,,
229,79014,CH4(g) + 5* -> C* + 4H*,,CdSn3,111,7.57239914,,,,,,,,,,,,
230,11721,CH4(g) + 5* -> C* + 4H*,,CdTa3,111,-3.759769017,,,,,,,,,,,,
231,13639,CH4(g) + 5* -> C* + 4H*,,CdTc3,111,-1.282577285,,,,,,,,,,,,
232,8998,CH4(g) + 5* -> C* + 4H*,,CdTi3,111,-3.450375855,,,,,,,,,,,,
233,48125,CH4(g) + 5* -> C* + 4H*,,CdTl3,111,8.64238436,,,,,,,,,,,,
234,11372,CH4(g) + 5* -> C* + 4H*,,CdV3,111,-3.247661929,,,,,,,,,,,,
235,11439,CH4(g) + 5* -> C* + 4H*,,CdW3,111,-3.207464593,,,,,,,,,,,,
236,88148,CH4(g) + 5* -> C* + 4H*,,CdY3,111,-2.678817338,,,,,,,,,,,,
237,72512,CH4(g) + 5* -> C* + 4H*,,CdZn3,111,5.567296755,,,,,,,,,,,,
238,6475,CH4(g) + 5* -> C* + 4H*,,CdZr3,111,-3.213060342,,,,,,,,,,,,
239,73924,CH4(g) + 5* -> C* + 4H*,,Cd3Cr,111,1.243932222,,,,,,,,,,,,
240,74524,CH4(g) + 5* -> C* + 4H*,,Cd3Cu,111,6.888852579,,,,,,,,,,,,
241,74522,CH4(g) + 5* -> C* + 4H*,,Cd3Fe,111,3.9403300190000000,,,,,,,,,,,,
242,18156,CH4(g) + 5* -> C* + 4H*,,Cd3Ga,111,7.073196643000000,,,,,,,,,,,,
243,73502,CH4(g) + 5* -> C* + 4H*,,Cd3Hf,111,1.7308229290000000,,,,,,,,,,,,
244,18157,CH4(g) + 5* -> C* + 4H*,,Cd3In,111,7.412487633,,,,,,,,,,,,
245,73928,CH4(g) + 5* -> C* + 4H*,,Cd3Ir,111,0.9757166860000000,,,,,,,,,,,,
246,73095,CH4(g) + 5* -> C* + 4H*,,Cd3La,111,3.779132094,,,,,,,,,,,,
247,73930,CH4(g) + 5* -> C* + 4H*,,Cd3Mn,111,4.541664051000000,,,,,,,,,,,,
248,74708,CH4(g) + 5* -> C* + 4H*,,Cd3Mo,111,0.383292478,,,,,,,,,,,,
249,74914,CH4(g) + 5* -> C* + 4H*,,Cd3Nb,111,0.840357875,,,,,,,,,,,,
250,73929,CH4(g) + 5* -> C* + 4H*,,Cd3Ni,111,6.190016622000000,,,,,,,,,,,,
251,73927,CH4(g) + 5* -> C* + 4H*,,Cd3Os,111,-0.817333915,,,,,,,,,,,,
252,18146,CH4(g) + 5* -> C* + 4H*,,Cd3Pb,111,7.038899007,,,,,,,,,,,,
253,73931,CH4(g) + 5* -> C* + 4H*,,Cd3Pd,111,7.184481815,,,,,,,,,,,,
254,74523,CH4(g) + 5* -> C* + 4H*,,Cd3Pt,111,8.37321629,,,,,,,,,,,,
255,74519,CH4(g) + 5* -> C* + 4H*,,Cd3Re,111,-1.3718450470000000,,,,,,,,,,,,
256,74521,CH4(g) + 5* -> C* + 4H*,,Cd3Rh,111,3.461563951,,,,,,,,,,,,
257,74520,CH4(g) + 5* -> C* + 4H*,,Cd3Ru,111,1.138406203,,,,,,,,,,,,
258,72535,CH4(g) + 5* -> C* + 4H*,,Cd3Sc,111,3.6121148780000000,,,,,,,,,,,,
259,74255,CH4(g) + 5* -> C* + 4H*,,Cd3Ta,111,0.42283810200000000,,,,,,,,,,,,
260,73926,CH4(g) + 5* -> C* + 4H*,,Cd3Tc,111,0.270002235,,,,,,,,,,,,
261,73717,CH4(g) + 5* -> C* + 4H*,,Cd3Ti,111,2.301269319,,,,,,,,,,,,
262,18171,CH4(g) + 5* -> C* + 4H*,,Cd3Tl,111,7.408772327,,,,,,,,,,,,
263,73720,CH4(g) + 5* -> C* + 4H*,,Cd3V,111,1.565143697,,,,,,,,,,,,
264,73925,CH4(g) + 5* -> C* + 4H*,,Cd3W,111,-0.700778714,,,,,,,,,,,,
265,72513,CH4(g) + 5* -> C* + 4H*,,Cd3Y,111,3.672838578,,,,,,,,,,,,
266,43519,CH4(g) + 5* -> C* + 4H*,,Cd3Zn,111,6.436802376,,,,,,,,,,,,
267,73216,CH4(g) + 5* -> C* + 4H*,,Cd3Zr,111,1.983621447,,,,,,,,,,,,
268,43367,CH4(g) + 5* -> C* + 4H*,,Co12,111,0.312127906,,,,,,,,,,,,
269,69572,CH4(g) + 5* -> C* + 4H*,,CoNi3,111,1.257224031,,,,,,,,,,,,
270,13848,CH4(g) + 5* -> C* + 4H*,,CoOs3,111,0.571998119,,,,,,,,,,,,
271,72286,CH4(g) + 5* -> C* + 4H*,,CoPd3,111,1.844776449,,,,,,,,,,,,
272,14085,CH4(g) + 5* -> C* + 4H*,,CoRe3,111,-1.216435935,,,,,,,,,,,,
273,17517,CH4(g) + 5* -> C* + 4H*,,Co3Cu,111,0.67372883,,,,,,,,,,,,
274,63647,CH4(g) + 5* -> C* + 4H*,,Co3Fe,111,3.740202671,,,,,,,,,,,,
275,68660,CH4(g) + 5* -> C* + 4H*,,Co3Hf,111,-1.620307022,,,,,,,,,,,,
276,18528,CH4(g) + 5* -> C* + 4H*,,Co3Hg,111,0.903059298,,,,,,,,,,,,
277,19236,CH4(g) + 5* -> C* + 4H*,,Co3In,111,0.13484533200000000,,,,,,,,,,,,
278,68665,CH4(g) + 5* -> C* + 4H*,,Co3Ir,111,0.980464529,,,,,,,,,,,,
279,68218,CH4(g) + 5* -> C* + 4H*,,Co3La,111,-0.7951834410000000,,,,,,,,,,,,
280,69687,CH4(g) + 5* -> C* + 4H*,,Co3Nb,111,-0.9573762140000000,,,,,,,,,,,,
281,68666,CH4(g) + 5* -> C* + 4H*,,Co3Ni,111,0.9677463360000000,,,,,,,,,,,,
282,69688,CH4(g) + 5* -> C* + 4H*,,Co3Os,111,0.024925355,,,,,,,,,,,,
283,61155,CH4(g) + 5* -> C* + 4H*,,Co3Pd,111,0.994719892,,,,,,,,,,,,
284,63561,CH4(g) + 5* -> C* + 4H*,,Co3Pt,111,1.343173908,,,,,,,,,,,,
285,68663,CH4(g) + 5* -> C* + 4H*,,Co3Re,111,-0.043211678000000000,,,,,,,,,,,,
286,69280,CH4(g) + 5* -> C* + 4H*,,Co3Rh,111,1.106824263,,,,,,,,,,,,
287,68664,CH4(g) + 5* -> C* + 4H*,,Co3Ru,111,0.464259135,,,,,,,,,,,,
288,68658,CH4(g) + 5* -> C* + 4H*,,Co3Sc,111,-1.777140786,,,,,,,,,,,,
289,20244,CH4(g) + 5* -> C* + 4H*,,Co3Sn,111,10.40793976,,,,,,,,,,,,
290,69166,CH4(g) + 5* -> C* + 4H*,,Co3Ta,111,-0.9179080060000000,,,,,,,,,,,,
291,69167,CH4(g) + 5* -> C* + 4H*,,Co3Tc,111,0.09679225300000000,,,,,,,,,,,,
292,68661,CH4(g) + 5* -> C* + 4H*,,Co3Ti,111,-1.177601209,,,,,,,,,,,,
293,68662,CH4(g) + 5* -> C* + 4H*,,Co3V,111,-0.33635678700000000,,,,,,,,,,,,
294,59876,CH4(g) + 5* -> C* + 4H*,,Co3W,111,-0.145437364,,,,,,,,,,,,
295,68204,CH4(g) + 5* -> C* + 4H*,,Co3Y,111,-1.062198138,,,,,,,,,,,,
296,17860,CH4(g) + 5* -> C* + 4H*,,Co3Zn,111,-0.09771594300000000,,,,,,,,,,,,
297,68659,CH4(g) + 5* -> C* + 4H*,,Co3Zr,111,-1.61628654,,,,,,,,,,,,
298,62906,CH4(g) + 5* -> C* + 4H*,,Cr12,111,-2.536640034,,,,,,,,,,,,
299,70665,CH4(g) + 5* -> C* + 4H*,,CrCu3,111,0.460861113,,,,,,,,,,,,
300,63094,CH4(g) + 5* -> C* + 4H*,,CrHf3,111,-3.504873726,,,,,,,,,,,,
301,73962,CH4(g) + 5* -> C* + 4H*,,CrHg3,111,2.393763261,,,,,,,,,,,,
302,77263,CH4(g) + 5* -> C* + 4H*,,CrIn3,111,2.458790577,,,,,,,,,,,,
303,43520,CH4(g) + 5* -> C* + 4H*,,CrIr3,111,0.7472854180000000,,,,,,,,,,,,
304,1754,CH4(g) + 5* -> C* + 4H*,,CrLa3,111,-1.8302601280000000,,,,,,,,,,,,
305,64825,CH4(g) + 5* -> C* + 4H*,,CrMo3,111,-2.5121004,,,,,,,,,,,,
306,64130,CH4(g) + 5* -> C* + 4H*,,CrNb3,111,1.3045644920000000,,,,,,,,,,,,
307,61153,CH4(g) + 5* -> C* + 4H*,,CrOs3,111,-0.478890559,,,,,,,,,,,,
308,77851,CH4(g) + 5* -> C* + 4H*,,CrPb3,111,1.9447675360000000,,,,,,,,,,,,
309,71144,CH4(g) + 5* -> C* + 4H*,,CrPd3,111,1.40331025,,,,,,,,,,,,
310,73714,CH4(g) + 5* -> C* + 4H*,,CrPt3,111,1.438520692,,,,,,,,,,,,
311,66313,CH4(g) + 5* -> C* + 4H*,,CrRe3,111,-1.392515902,,,,,,,,,,,,
312,68076,CH4(g) + 5* -> C* + 4H*,,CrRh3,111,0.273158483,,,,,,,,,,,,
313,67819,CH4(g) + 5* -> C* + 4H*,,CrRu3,111,-0.605762276,,,,,,,,,,,,
314,43513,CH4(g) + 5* -> C* + 4H*,,CrSc3,111,-1.820751246,,,,,,,,,,,,
315,47307,CH4(g) + 5* -> C* + 4H*,,CrSn3,111,2.920200136,,,,,,,,,,,,
316,10667,CH4(g) + 5* -> C* + 4H*,,CrTa3,111,-3.7197769910000000,,,,,,,,,,,,
317,60535,CH4(g) + 5* -> C* + 4H*,,CrTc3,111,-1.041211358,,,,,,,,,,,,
318,7794,CH4(g) + 5* -> C* + 4H*,,CrTi3,111,-3.3576259890000000,,,,,,,,,,,,
319,43523,CH4(g) + 5* -> C* + 4H*,,CrTl3,111,1.81102549,,,,,,,,,,,,
320,65104,CH4(g) + 5* -> C* + 4H*,,CrV3,111,-3.3405615930000000,,,,,,,,,,,,
321,65854,CH4(g) + 5* -> C* + 4H*,,CrW3,111,-4.145741,,,,,,,,,,,,
322,87654,CH4(g) + 5* -> C* + 4H*,,CrY3,111,-3.514302607,,,,,,,,,,,,
323,73091,CH4(g) + 5* -> C* + 4H*,,CrZn3,111,0.792942583,,,,,,,,,,,,
324,5296,CH4(g) + 5* -> C* + 4H*,,CrZr3,111,-3.3421085610000000,,,,,,,,,,,,
325,8560,CH4(g) + 5* -> C* + 4H*,,Cr3Cu,111,-2.558615131,,,,,,,,,,,,
326,43517,CH4(g) + 5* -> C* + 4H*,,Cr3Ga,111,-2.021618879,,,,,,,,,,,,
327,64553,CH4(g) + 5* -> C* + 4H*,,Cr3Hf,111,0.804210953,,,,,,,,,,,,
328,7000,CH4(g) + 5* -> C* + 4H*,,Cr3Hg,111,-1.147286503,,,,,,,,,,,,
329,7783,CH4(g) + 5* -> C* + 4H*,,Cr3In,111,-1.5589577330000000,,,,,,,,,,,,
330,63064,CH4(g) + 5* -> C* + 4H*,,Cr3Ir,111,-1.796112699,,,,,,,,,,,,
331,59877,CH4(g) + 5* -> C* + 4H*,,Cr3La,111,-1.858802421,,,,,,,,,,,,
332,63044,CH4(g) + 5* -> C* + 4H*,,Cr3Mo,111,-2.621808128,,,,,,,,,,,,
333,65403,CH4(g) + 5* -> C* + 4H*,,Cr3Nb,111,-3.776017887,,,,,,,,,,,,
334,61745,CH4(g) + 5* -> C* + 4H*,,Cr3Os,111,-1.92213991,,,,,,,,,,,,
335,7785,CH4(g) + 5* -> C* + 4H*,,Cr3Pb,111,-0.370532244,,,,,,,,,,,,
336,59220,CH4(g) + 5* -> C* + 4H*,,Cr3Pd,111,-2.3380124420000000,,,,,,,,,,,,
337,6658,CH4(g) + 5* -> C* + 4H*,,Cr3Pt,111,-2.08042336,,,,,,,,,,,,
338,43996,CH4(g) + 5* -> C* + 4H*,,Cr3Re,111,-2.7773365610000000,,,,,,,,,,,,
339,63596,CH4(g) + 5* -> C* + 4H*,,Cr3Rh,111,-2.049467145,,,,,,,,,,,,
340,63046,CH4(g) + 5* -> C* + 4H*,,Cr3Ru,111,-1.9206398830000000,,,,,,,,,,,,
341,64680,CH4(g) + 5* -> C* + 4H*,,Cr3Sc,111,-2.8309360480000000,,,,,,,,,,,,
342,7832,CH4(g) + 5* -> C* + 4H*,,Cr3Sn,111,-0.917327043,,,,,,,,,,,,
343,61154,CH4(g) + 5* -> C* + 4H*,,Cr3Tc,111,-2.5530436,,,,,,,,,,,,
344,64800,CH4(g) + 5* -> C* + 4H*,,Cr3Ti,111,-2.980289946,,,,,,,,,,,,
345,7746,CH4(g) + 5* -> C* + 4H*,,Cr3Tl,111,-0.978873207,,,,,,,,,,,,
346,47669,CH4(g) + 5* -> C* + 4H*,,Cr3W,111,-1.815294411,,,,,,,,,,,,
347,61149,CH4(g) + 5* -> C* + 4H*,,Cr3Zn,111,-2.511514402,,,,,,,,,,,,
348,65135,CH4(g) + 5* -> C* + 4H*,,Cr3Zr,111,1.461624245,,,,,,,,,,,,
349,62503,CH4(g) + 5* -> C* + 4H*,,Cu12,111,3.8958313790000000,,,,,,,,,,,,
350,15653,CH4(g) + 5* -> C* + 4H*,,CuFe3,111,3.796598945,,,,,,,,,,,,
351,59865,CH4(g) + 5* -> C* + 4H*,,CuGa3,111,5.957038875,,,,,,,,,,,,
352,7268,CH4(g) + 5* -> C* + 4H*,,CuHf3,111,-2.9265621580000000,,,,,,,,,,,,
353,17097,CH4(g) + 5* -> C* + 4H*,,CuIr3,111,0.19747437400000000,,,,,,,,,,,,
354,61151,CH4(g) + 5* -> C* + 4H*,,CuLa3,111,-0.995909438,,,,,,,,,,,,
355,11048,CH4(g) + 5* -> C* + 4H*,,CuMo3,111,-2.5667233070000000,,,,,,,,,,,,
356,45079,CH4(g) + 5* -> C* + 4H*,,CuNb3,111,-2.997588631,,,,,,,,,,,,
357,17562,CH4(g) + 5* -> C* + 4H*,,CuNi3,111,0.658383515,,,,,,,,,,,,
358,14418,CH4(g) + 5* -> C* + 4H*,,CuOs3,111,0.190824999,,,,,,,,,,,,
359,80594,CH4(g) + 5* -> C* + 4H*,,CuPb3,111,6.39201516,,,,,,,,,,,,
360,16382,CH4(g) + 5* -> C* + 4H*,,CuPd3,111,1.7534283780000000,,,,,,,,,,,,
361,15814,CH4(g) + 5* -> C* + 4H*,,CuPt3,111,1.153086201,,,,,,,,,,,,
362,12596,CH4(g) + 5* -> C* + 4H*,,CuRe3,111,-0.953353283,,,,,,,,,,,,
363,16707,CH4(g) + 5* -> C* + 4H*,,CuRh3,111,-0.038362065,,,,,,,,,,,,
364,15117,CH4(g) + 5* -> C* + 4H*,,CuRu3,111,-0.463107685,,,,,,,,,,,,
365,6257,CH4(g) + 5* -> C* + 4H*,,CuSc3,111,-3.16012386,,,,,,,,,,,,
366,80651,CH4(g) + 5* -> C* + 4H*,,CuSn3,111,8.360873886,,,,,,,,,,,,
367,9688,CH4(g) + 5* -> C* + 4H*,,CuTa3,111,-3.406227289,,,,,,,,,,,,
368,44101,CH4(g) + 5* -> C* + 4H*,,CuTc3,111,-0.959061959,,,,,,,,,,,,
369,8893,CH4(g) + 5* -> C* + 4H*,,CuTi3,111,-2.919682575,,,,,,,,,,,,
370,83185,CH4(g) + 5* -> C* + 4H*,,CuTl3,111,5.528438627000000,,,,,,,,,,,,
371,9981,CH4(g) + 5* -> C* + 4H*,,CuV3,111,-3.01487616,,,,,,,,,,,,
372,12118,CH4(g) + 5* -> C* + 4H*,,CuW3,111,-2.784978062,,,,,,,,,,,,
373,88439,CH4(g) + 5* -> C* + 4H*,,CuY3,111,-2.388552281,,,,,,,,,,,,
374,72511,CH4(g) + 5* -> C* + 4H*,,CuZn3,111,6.4754856720000000,,,,,,,,,,,,
375,6382,CH4(g) + 5* -> C* + 4H*,,CuZr3,111,-2.70798522,,,,,,,,,,,,
376,71343,CH4(g) + 5* -> C* + 4H*,,Cu3Fe,111,1.953618719,,,,,,,,,,,,
377,16456,CH4(g) + 5* -> C* + 4H*,,Cu3Ga,111,4.127973055,,,,,,,,,,,,
378,70664,CH4(g) + 5* -> C* + 4H*,,Cu3Hf,111,1.6595606680000000,,,,,,,,,,,,
379,16420,CH4(g) + 5* -> C* + 4H*,,Cu3Hg,111,4.580322175,,,,,,,,,,,,
380,16473,CH4(g) + 5* -> C* + 4H*,,Cu3In,111,4.280932734000000,,,,,,,,,,,,
381,71981,CH4(g) + 5* -> C* + 4H*,,Cu3Ir,111,0.500840894,,,,,,,,,,,,
382,71315,CH4(g) + 5* -> C* + 4H*,,Cu3La,111,1.3819773420000000,,,,,,,,,,,,
383,71204,CH4(g) + 5* -> C* + 4H*,,Cu3Mn,111,2.588907252,,,,,,,,,,,,
384,70666,CH4(g) + 5* -> C* + 4H*,,Cu3Mo,111,0.277382915,,,,,,,,,,,,
385,72412,CH4(g) + 5* -> C* + 4H*,,Cu3Nb,111,0.8993789590000000,,,,,,,,,,,,
386,43462,CH4(g) + 5* -> C* + 4H*,,Cu3Ni,111,2.876740426,,,,,,,,,,,,
387,71224,CH4(g) + 5* -> C* + 4H*,,Cu3Ni,111,2.6263015430000000,,,,,,,,,,,,
388,59864,CH4(g) + 5* -> C* + 4H*,,Cu3Os,111,-0.625002085,,,,,,,,,,,,
389,71919,CH4(g) + 5* -> C* + 4H*,,Cu3Pd,111,3.8452829680000000,,,,,,,,,,,,
390,71387,CH4(g) + 5* -> C* + 4H*,,Cu3Pt,111,2.8722444260000000,,,,,,,,,,,,
391,70690,CH4(g) + 5* -> C* + 4H*,,Cu3Re,111,-0.816940575,,,,,,,,,,,,
392,72627,CH4(g) + 5* -> C* + 4H*,,Cu3Rh,111,1.4064381990000000,,,,,,,,,,,,
393,71362,CH4(g) + 5* -> C* + 4H*,,Cu3Ru,111,0.286665534,,,,,,,,,,,,
394,71851,CH4(g) + 5* -> C* + 4H*,,Cu3Sc,111,1.9914696180000000,,,,,,,,,,,,
395,60564,CH4(g) + 5* -> C* + 4H*,,Cu3Sn,111,4.9089148730000000,,,,,,,,,,,,
396,71852,CH4(g) + 5* -> C* + 4H*,,Cu3Ta,111,0.6617095620000000,,,,,,,,,,,,
397,61144,CH4(g) + 5* -> C* + 4H*,,Cu3Tc,111,-0.051960546000000000,,,,,,,,,,,,
398,71316,CH4(g) + 5* -> C* + 4H*,,Cu3Ti,111,1.635663087,,,,,,,,,,,,
399,73023,CH4(g) + 5* -> C* + 4H*,,Cu3V,111,0.970638498,,,,,,,,,,,,
400,59225,CH4(g) + 5* -> C* + 4H*,,Cu3W,111,-0.20135771,,,,,,,,,,,,
401,70663,CH4(g) + 5* -> C* + 4H*,,Cu3Y,111,1.911213043,,,,,,,,,,,,
402,71921,CH4(g) + 5* -> C* + 4H*,,Cu3Zn,111,4.200650308,,,,,,,,,,,,
403,59266,CH4(g) + 5* -> C* + 4H*,,Cu3Zr,111,1.515962386,,,,,,,,,,,,
404,43259,CH4(g) + 5* -> C* + 4H*,,Fe12,111,-1.5141917410000000,,,,,,,,,,,,
405,75957,CH4(g) + 5* -> C* + 4H*,,FeGa3,111,6.110036106,,,,,,,,,,,,
406,76508,CH4(g) + 5* -> C* + 4H*,,FeIn3,111,6.510420871,,,,,,,,,,,,
407,15264,CH4(g) + 5* -> C* + 4H*,,FeIr3,111,1.078844022,,,,,,,,,,,,
408,869,CH4(g) + 5* -> C* + 4H*,,FeLa3,111,-0.525822441,,,,,,,,,,,,
409,8845,CH4(g) + 5* -> C* + 4H*,,FeMo3,111,-1.9820057710000000,,,,,,,,,,,,
410,3344,CH4(g) + 5* -> C* + 4H*,,FeNb3,111,-2.410504113,,,,,,,,,,,,
411,15563,CH4(g) + 5* -> C* + 4H*,,FeNi3,111,1.3780402630000000,,,,,,,,,,,,
412,13869,CH4(g) + 5* -> C* + 4H*,,FeOs3,111,0.21174171,,,,,,,,,,,,
413,72882,CH4(g) + 5* -> C* + 4H*,,FePd3,111,2.333556578,,,,,,,,,,,,
414,78048,CH4(g) + 5* -> C* + 4H*,,FePt3,111,1.467465849,,,,,,,,,,,,
415,12637,CH4(g) + 5* -> C* + 4H*,,FeRe3,111,-0.868474445,,,,,,,,,,,,
416,15128,CH4(g) + 5* -> C* + 4H*,,FeRh3,111,0.795638823,,,,,,,,,,,,
417,14639,CH4(g) + 5* -> C* + 4H*,,FeRu3,111,-0.278200617,,,,,,,,,,,,
418,3736,CH4(g) + 5* -> C* + 4H*,,FeSc3,111,-2.6321309020000000,,,,,,,,,,,,
419,11317,CH4(g) + 5* -> C* + 4H*,,FeTa3,111,-2.932344032,,,,,,,,,,,,
420,61181,CH4(g) + 5* -> C* + 4H*,,FeTc3,111,-1.087151113,,,,,,,,,,,,
421,11435,CH4(g) + 5* -> C* + 4H*,,FeW3,111,-2.40868476,,,,,,,,,,,,
422,73496,CH4(g) + 5* -> C* + 4H*,,FeZn3,111,3.0256815280000000,,,,,,,,,,,,
423,5556,CH4(g) + 5* -> C* + 4H*,,FeZr3,111,-2.42047831,,,,,,,,,,,,
424,17202,CH4(g) + 5* -> C* + 4H*,,Fe3Ga,111,0.706023981,,,,,,,,,,,,
425,69760,CH4(g) + 5* -> C* + 4H*,,Fe3Hf,111,-1.551947809,,,,,,,,,,,,
426,69261,CH4(g) + 5* -> C* + 4H*,,Fe3La,111,-0.110491824,,,,,,,,,,,,
427,70401,CH4(g) + 5* -> C* + 4H*,,Fe3Mo,111,-0.8608102240000000,,,,,,,,,,,,
428,69263,CH4(g) + 5* -> C* + 4H*,,Fe3Nb,111,-1.255502911,,,,,,,,,,,,
429,17756,CH4(g) + 5* -> C* + 4H*,,Fe3Pb,111,4.132218847,,,,,,,,,,,,
430,69759,CH4(g) + 5* -> C* + 4H*,,Fe3Sc,111,-0.966915981,,,,,,,,,,,,
431,44635,CH4(g) + 5* -> C* + 4H*,,Fe3Sn,111,2.504976187,,,,,,,,,,,,
432,44093,CH4(g) + 5* -> C* + 4H*,,Fe3Ta,111,-1.2988449310000000,,,,,,,,,,,,
433,60538,CH4(g) + 5* -> C* + 4H*,,Fe3Ti,111,-1.763607748,,,,,,,,,,,,
434,17490,CH4(g) + 5* -> C* + 4H*,,Fe3Tl,111,3.1833316330000000,,,,,,,,,,,,
435,69761,CH4(g) + 5* -> C* + 4H*,,Fe3V,111,-1.165315405,,,,,,,,,,,,
436,71031,CH4(g) + 5* -> C* + 4H*,,Fe3W,111,-0.944347539,,,,,,,,,,,,
437,69321,CH4(g) + 5* -> C* + 4H*,,Fe3Y,111,-0.203209036,,,,,,,,,,,,
438,15934,CH4(g) + 5* -> C* + 4H*,,Fe3Zn,111,2.5962203110000000,,,,,,,,,,,,
439,69262,CH4(g) + 5* -> C* + 4H*,,Fe3Zr,111,-0.9914134370000000,,,,,,,,,,,,
440,63050,CH4(g) + 5* -> C* + 4H*,,Ga12,111,6.10094832,,,,,,,,,,,,
441,13340,CH4(g) + 5* -> C* + 4H*,,GaHf3,111,-2.956762168,,,,,,,,,,,,
442,76943,CH4(g) + 5* -> C* + 4H*,,GaIn3,111,7.296852586,,,,,,,,,,,,
443,18446,CH4(g) + 5* -> C* + 4H*,,GaIr3,111,0.299485906,,,,,,,,,,,,
444,1264,CH4(g) + 5* -> C* + 4H*,,GaLa3,111,-0.693202657,,,,,,,,,,,,
445,10156,CH4(g) + 5* -> C* + 4H*,,GaMo3,111,-2.035644034,,,,,,,,,,,,
446,3836,CH4(g) + 5* -> C* + 4H*,,GaNb3,111,-2.818790927,,,,,,,,,,,,
447,15652,CH4(g) + 5* -> C* + 4H*,,GaNi3,111,0.158626449,,,,,,,,,,,,
448,14491,CH4(g) + 5* -> C* + 4H*,,GaOs3,111,-0.125221755,,,,,,,,,,,,
449,78985,CH4(g) + 5* -> C* + 4H*,,GaPb3,111,7.43584194,,,,,,,,,,,,
450,18176,CH4(g) + 5* -> C* + 4H*,,GaPd3,111,2.34260654,,,,,,,,,,,,
451,15817,CH4(g) + 5* -> C* + 4H*,,GaPt3,111,1.174045497,,,,,,,,,,,,
452,13702,CH4(g) + 5* -> C* + 4H*,,GaRe3,111,-0.7904873,,,,,,,,,,,,
453,15148,CH4(g) + 5* -> C* + 4H*,,GaRh3,111,0.162151412,,,,,,,,,,,,
454,15121,CH4(g) + 5* -> C* + 4H*,,GaRu3,111,-0.40948996600000000,,,,,,,,,,,,
455,3798,CH4(g) + 5* -> C* + 4H*,,GaSc3,111,-2.764609252,,,,,,,,,,,,
456,78971,CH4(g) + 5* -> C* + 4H*,,GaSn3,111,6.702253371,,,,,,,,,,,,
457,14047,CH4(g) + 5* -> C* + 4H*,,GaTa3,111,-3.11729872,,,,,,,,,,,,
458,13642,CH4(g) + 5* -> C* + 4H*,,GaTc3,111,-0.640726047,,,,,,,,,,,,
459,8898,CH4(g) + 5* -> C* + 4H*,,GaTi3,111,-2.95417314,,,,,,,,,,,,
460,77291,CH4(g) + 5* -> C* + 4H*,,GaTl3,111,7.769877732,,,,,,,,,,,,
461,4897,CH4(g) + 5* -> C* + 4H*,,GaV3,111,-2.8403253360000000,,,,,,,,,,,,
462,12089,CH4(g) + 5* -> C* + 4H*,,GaW3,111,-2.2610019130000000,,,,,,,,,,,,
463,88141,CH4(g) + 5* -> C* + 4H*,,GaY3,111,-2.337043172,,,,,,,,,,,,
464,61738,CH4(g) + 5* -> C* + 4H*,,GaZn3,111,5.386223908,,,,,,,,,,,,
465,44096,CH4(g) + 5* -> C* + 4H*,,GaZr3,111,-2.946046188,,,,,,,,,,,,
466,61147,CH4(g) + 5* -> C* + 4H*,,Ga3In,111,5.940498436,,,,,,,,,,,,
467,76014,CH4(g) + 5* -> C* + 4H*,,Ga3La,111,3.329101384,,,,,,,,,,,,
468,76157,CH4(g) + 5* -> C* + 4H*,,Ga3Mn,111,5.034433776,,,,,,,,,,,,
469,75465,CH4(g) + 5* -> C* + 4H*,,Ga3Mo,111,4.76074712,,,,,,,,,,,,
470,77236,CH4(g) + 5* -> C* + 4H*,,Ga3Nb,111,3.337642085,,,,,,,,,,,,
471,75492,CH4(g) + 5* -> C* + 4H*,,Ga3Ni,111,6.042733918,,,,,,,,,,,,
472,76016,CH4(g) + 5* -> C* + 4H*,,Ga3Os,111,1.9931752280000000,,,,,,,,,,,,
473,79049,CH4(g) + 5* -> C* + 4H*,,Ga3Pb,111,6.099565301,,,,,,,,,,,,
474,76456,CH4(g) + 5* -> C* + 4H*,,Ga3Pd,111,6.1664438080000000,,,,,,,,,,,,
475,76455,CH4(g) + 5* -> C* + 4H*,,Ga3Pt,111,4.288241031,,,,,,,,,,,,
476,75468,CH4(g) + 5* -> C* + 4H*,,Ga3Rh,111,5.176911358,,,,,,,,,,,,
477,76237,CH4(g) + 5* -> C* + 4H*,,Ga3Ru,111,4.369972463,,,,,,,,,,,,
478,75395,CH4(g) + 5* -> C* + 4H*,,Ga3Sc,111,4.398362781,,,,,,,,,,,,
479,79817,CH4(g) + 5* -> C* + 4H*,,Ga3Sn,111,6.476914813,,,,,,,,,,,,
480,76344,CH4(g) + 5* -> C* + 4H*,,Ga3Ta,111,2.211650938,,,,,,,,,,,,
481,75467,CH4(g) + 5* -> C* + 4H*,,Ga3Tc,111,4.4924221940000000,,,,,,,,,,,,
482,18872,CH4(g) + 5* -> C* + 4H*,,Ga3Ti,111,5.669097263000000,,,,,,,,,,,,
483,18798,CH4(g) + 5* -> C* + 4H*,,Ga3Tl,111,5.757388544000000,,,,,,,,,,,,
484,77899,CH4(g) + 5* -> C* + 4H*,,Ga3V,111,3.59920226,,,,,,,,,,,,
485,75462,CH4(g) + 5* -> C* + 4H*,,Ga3Y,111,3.885459487,,,,,,,,,,,,
486,76459,CH4(g) + 5* -> C* + 4H*,,Ga3Zn,111,5.5617584220000000,,,,,,,,,,,,
487,75464,CH4(g) + 5* -> C* + 4H*,,Ga3Zr,111,5.458529588000000,,,,,,,,,,,,
488,62530,CH4(g) + 5* -> C* + 4H*,,Hf12,111,-3.037097384,,,,,,,,,,,,
489,73936,CH4(g) + 5* -> C* + 4H*,,HfHg3,111,3.72100436,,,,,,,,,,,,
490,76462,CH4(g) + 5* -> C* + 4H*,,HfIn3,111,2.888530575,,,,,,,,,,,,
491,59815,CH4(g) + 5* -> C* + 4H*,,HfIr3,111,-1.2736250120000000,,,,,,,,,,,,
492,63039,CH4(g) + 5* -> C* + 4H*,,HfLa3,111,-1.786198095,,,,,,,,,,,,
493,65923,CH4(g) + 5* -> C* + 4H*,,HfMo3,111,1.163332375,,,,,,,,,,,,
494,66316,CH4(g) + 5* -> C* + 4H*,,HfOs3,111,-2.106855001,,,,,,,,,,,,
495,77847,CH4(g) + 5* -> C* + 4H*,,HfPb3,111,2.356512237,,,,,,,,,,,,
496,45227,CH4(g) + 5* -> C* + 4H*,,HfPd3,111,2.4619881870000000,,,,,,,,,,,,
497,71641,CH4(g) + 5* -> C* + 4H*,,HfPt3,111,1.9447812780000000,,,,,,,,,,,,
498,67800,CH4(g) + 5* -> C* + 4H*,,HfRe3,111,-2.871424138,,,,,,,,,,,,
499,44092,CH4(g) + 5* -> C* + 4H*,,HfRh3,111,-1.286852602,,,,,,,,,,,,
500,67213,CH4(g) + 5* -> C* + 4H*,,HfRu3,111,-1.975413541,,,,,,,,,,,,
501,63921,CH4(g) + 5* -> C* + 4H*,,HfSc3,111,-2.826792979,,,,,,,,,,,,
502,81958,CH4(g) + 5* -> C* + 4H*,,HfSn3,111,2.979217138,,,,,,,,,,,,
503,67941,CH4(g) + 5* -> C* + 4H*,,HfTc3,111,-2.300204537,,,,,,,,,,,,
504,44097,CH4(g) + 5* -> C* + 4H*,,HfTi3,111,-2.820305649,,,,,,,,,,,,
505,66472,CH4(g) + 5* -> C* + 4H*,,HfV3,111,-3.2376324940000000,,,,,,,,,,,,
506,65309,CH4(g) + 5* -> C* + 4H*,,HfW3,111,-2.942775244,,,,,,,,,,,,
507,63658,CH4(g) + 5* -> C* + 4H*,,HfY3,111,-2.7132401460000000,,,,,,,,,,,,
508,73089,CH4(g) + 5* -> C* + 4H*,,HfZn3,111,1.2731855490000000,,,,,,,,,,,,
509,64951,CH4(g) + 5* -> C* + 4H*,,HfZr3,111,-2.819701556,,,,,,,,,,,,
510,10982,CH4(g) + 5* -> C* + 4H*,,Hf3Hg,111,-3.53446665,,,,,,,,,,,,
511,7269,CH4(g) + 5* -> C* + 4H*,,Hf3In,111,-3.306972542,,,,,,,,,,,,
512,8857,CH4(g) + 5* -> C* + 4H*,,Hf3Ir,111,-3.346898173,,,,,,,,,,,,
513,64402,CH4(g) + 5* -> C* + 4H*,,Hf3La,111,-2.8821247430000000,,,,,,,,,,,,
514,7266,CH4(g) + 5* -> C* + 4H*,,Hf3Mn,111,-2.678351207,,,,,,,,,,,,
515,6663,CH4(g) + 5* -> C* + 4H*,,Hf3Mo,111,-3.456680188,,,,,,,,,,,,
516,63127,CH4(g) + 5* -> C* + 4H*,,Hf3Nb,111,-3.2229157610000000,,,,,,,,,,,,
517,7225,CH4(g) + 5* -> C* + 4H*,,Hf3Os,111,-3.454658518,,,,,,,,,,,,
518,7306,CH4(g) + 5* -> C* + 4H*,,Hf3Pb,111,-3.32763401,,,,,,,,,,,,
519,7283,CH4(g) + 5* -> C* + 4H*,,Hf3Pd,111,-3.2103163460000000,,,,,,,,,,,,
520,7915,CH4(g) + 5* -> C* + 4H*,,Hf3Pt,111,-3.225997178,,,,,,,,,,,,
521,9803,CH4(g) + 5* -> C* + 4H*,,Hf3Rh,111,-3.377927722,,,,,,,,,,,,
522,7989,CH4(g) + 5* -> C* + 4H*,,Hf3Ru,111,-3.631632924,,,,,,,,,,,,
523,43518,CH4(g) + 5* -> C* + 4H*,,Hf3Sc,111,-3.1360979760000000,,,,,,,,,,,,
524,7853,CH4(g) + 5* -> C* + 4H*,,Hf3Sn,111,-3.0732864840000000,,,,,,,,,,,,
525,63041,CH4(g) + 5* -> C* + 4H*,,Hf3Ta,111,-3.3488239230000000,,,,,,,,,,,,
526,7206,CH4(g) + 5* -> C* + 4H*,,Hf3Tc,111,-3.4349787010000000,,,,,,,,,,,,
527,63159,CH4(g) + 5* -> C* + 4H*,,Hf3Ti,111,-3.160588086,,,,,,,,,,,,
528,7356,CH4(g) + 5* -> C* + 4H*,,Hf3Tl,111,-3.499580431,,,,,,,,,,,,
529,43515,CH4(g) + 5* -> C* + 4H*,,Hf3V,111,-3.4626471,,,,,,,,,,,,
530,7239,CH4(g) + 5* -> C* + 4H*,,Hf3W,111,-3.592006618,,,,,,,,,,,,
531,63899,CH4(g) + 5* -> C* + 4H*,,Hf3Y,111,-3.363243915,,,,,,,,,,,,
532,8653,CH4(g) + 5* -> C* + 4H*,,Hf3Zn,111,-3.0334022140000000,,,,,,,,,,,,
533,59874,CH4(g) + 5* -> C* + 4H*,,Hf3Zr,111,-2.9855040560000000,,,,,,,,,,,,
534,76896,CH4(g) + 5* -> C* + 4H*,,HgIn3,111,7.217132619,,,,,,,,,,,,
535,18105,CH4(g) + 5* -> C* + 4H*,,HgIr3,111,-0.623927236,,,,,,,,,,,,
536,1261,CH4(g) + 5* -> C* + 4H*,,HgLa3,111,-1.188249976,,,,,,,,,,,,
537,10152,CH4(g) + 5* -> C* + 4H*,,HgMo3,111,-2.155120649,,,,,,,,,,,,
538,4565,CH4(g) + 5* -> C* + 4H*,,HgNb3,111,-3.4806857990000000,,,,,,,,,,,,
539,80595,CH4(g) + 5* -> C* + 4H*,,HgPb3,111,7.901741513000000,,,,,,,,,,,,
540,17436,CH4(g) + 5* -> C* + 4H*,,HgPd3,111,1.65257605,,,,,,,,,,,,
541,59221,CH4(g) + 5* -> C* + 4H*,,HgPt3,111,0.837364078,,,,,,,,,,,,
542,12597,CH4(g) + 5* -> C* + 4H*,,HgRe3,111,-1.258646098,,,,,,,,,,,,
543,17348,CH4(g) + 5* -> C* + 4H*,,HgRh3,111,-0.144437753,,,,,,,,,,,,
544,44099,CH4(g) + 5* -> C* + 4H*,,HgRu3,111,-0.6730995670000000,,,,,,,,,,,,
545,4747,CH4(g) + 5* -> C* + 4H*,,HgSc3,111,-3.264741155,,,,,,,,,,,,
546,78970,CH4(g) + 5* -> C* + 4H*,,HgSn3,111,6.66135058,,,,,,,,,,,,
547,12328,CH4(g) + 5* -> C* + 4H*,,HgTa3,111,-3.737281802,,,,,,,,,,,,
548,13687,CH4(g) + 5* -> C* + 4H*,,HgTc3,111,-0.9076657770000000,,,,,,,,,,,,
549,8896,CH4(g) + 5* -> C* + 4H*,,HgTi3,111,-3.499968738,,,,,,,,,,,,
550,83678,CH4(g) + 5* -> C* + 4H*,,HgTl3,111,8.355306845,,,,,,,,,,,,
551,4817,CH4(g) + 5* -> C* + 4H*,,HgV3,111,-3.1537679610000000,,,,,,,,,,,,
552,11405,CH4(g) + 5* -> C* + 4H*,,HgW3,111,-3.030803663,,,,,,,,,,,,
553,88140,CH4(g) + 5* -> C* + 4H*,,HgY3,111,-2.711477257,,,,,,,,,,,,
554,18353,CH4(g) + 5* -> C* + 4H*,,HgZn3,111,5.201707731,,,,,,,,,,,,
555,6384,CH4(g) + 5* -> C* + 4H*,,HgZr3,111,-3.3681075420000000,,,,,,,,,,,,
556,18704,CH4(g) + 5* -> C* + 4H*,,Hg3In,111,9.018042548,,,,,,,,,,,,
557,74506,CH4(g) + 5* -> C* + 4H*,,Hg3Ir,111,4.02483674,,,,,,,,,,,,
558,73935,CH4(g) + 5* -> C* + 4H*,,Hg3La,111,5.094572975,,,,,,,,,,,,
559,74575,CH4(g) + 5* -> C* + 4H*,,Hg3Mo,111,1.37759522,,,,,,,,,,,,
560,73939,CH4(g) + 5* -> C* + 4H*,,Hg3Nb,111,2.7326868980000000,,,,,,,,,,,,
561,74577,CH4(g) + 5* -> C* + 4H*,,Hg3Os,111,-0.978779055,,,,,,,,,,,,
562,18706,CH4(g) + 5* -> C* + 4H*,,Hg3Pb,111,7.865947386,,,,,,,,,,,,
563,74579,CH4(g) + 5* -> C* + 4H*,,Hg3Pd,111,8.08687185,,,,,,,,,,,,
564,76191,CH4(g) + 5* -> C* + 4H*,,Hg3Pt,111,5.82280852,,,,,,,,,,,,
565,74576,CH4(g) + 5* -> C* + 4H*,,Hg3Re,111,-0.977127869,,,,,,,,,,,,
566,75073,CH4(g) + 5* -> C* + 4H*,,Hg3Rh,111,5.990272955,,,,,,,,,,,,
567,61085,CH4(g) + 5* -> C* + 4H*,,Hg3Ru,111,1.276620305,,,,,,,,,,,,
568,74525,CH4(g) + 5* -> C* + 4H*,,Hg3Sc,111,6.1258920430000000,,,,,,,,,,,,
569,18612,CH4(g) + 5* -> C* + 4H*,,Hg3Sn,111,8.957117485,,,,,,,,,,,,
570,73938,CH4(g) + 5* -> C* + 4H*,,Hg3Ta,111,4.167840725,,,,,,,,,,,,
571,75145,CH4(g) + 5* -> C* + 4H*,,Hg3Tc,111,0.647895839,,,,,,,,,,,,
572,73937,CH4(g) + 5* -> C* + 4H*,,Hg3Ti,111,3.373145729,,,,,,,,,,,,
573,18705,CH4(g) + 5* -> C* + 4H*,,Hg3Tl,111,10.24703273,,,,,,,,,,,,
574,74526,CH4(g) + 5* -> C* + 4H*,,Hg3V,111,3.081292753,,,,,,,,,,,,
575,75144,CH4(g) + 5* -> C* + 4H*,,Hg3W,111,0.206455899,,,,,,,,,,,,
576,73934,CH4(g) + 5* -> C* + 4H*,,Hg3Y,111,4.741106895,,,,,,,,,,,,
577,74581,CH4(g) + 5* -> C* + 4H*,,Hg3Zn,111,9.305425919,,,,,,,,,,,,
578,75125,CH4(g) + 5* -> C* + 4H*,,Hg3Zr,111,4.237438194,,,,,,,,,,,,
579,58778,CH4(g) + 5* -> C* + 4H*,,In12,111,8.311071748,,,,,,,,,,,,
580,18850,CH4(g) + 5* -> C* + 4H*,,InIr3,111,-0.519618382,,,,,,,,,,,,
581,59216,CH4(g) + 5* -> C* + 4H*,,InLa3,111,-0.929168485,,,,,,,,,,,,
582,10188,CH4(g) + 5* -> C* + 4H*,,InMo3,111,-1.92019865,,,,,,,,,,,,
583,43521,CH4(g) + 5* -> C* + 4H*,,InNb3,111,-3.030867474,,,,,,,,,,,,
584,16229,CH4(g) + 5* -> C* + 4H*,,InNi3,111,-0.02073385,,,,,,,,,,,,
585,59217,CH4(g) + 5* -> C* + 4H*,,InOs3,111,-1.1629129120000000,,,,,,,,,,,,
586,79652,CH4(g) + 5* -> C* + 4H*,,InPb3,111,7.864729677000000,,,,,,,,,,,,
587,18517,CH4(g) + 5* -> C* + 4H*,,InPd3,111,2.161587435,,,,,,,,,,,,
588,15839,CH4(g) + 5* -> C* + 4H*,,InPt3,111,0.9925998540000000,,,,,,,,,,,,
589,14627,CH4(g) + 5* -> C* + 4H*,,InRe3,111,-1.230534017,,,,,,,,,,,,
590,15645,CH4(g) + 5* -> C* + 4H*,,InRh3,111,-0.281139174,,,,,,,,,,,,
591,15122,CH4(g) + 5* -> C* + 4H*,,InRu3,111,-0.869372149,,,,,,,,,,,,
592,3655,CH4(g) + 5* -> C* + 4H*,,InSc3,111,-3.076445589,,,,,,,,,,,,
593,78972,CH4(g) + 5* -> C* + 4H*,,InSn3,111,6.64677317,,,,,,,,,,,,
594,820,CH4(g) + 5* -> C* + 4H*,,InTa3,111,-3.43466509,,,,,,,,,,,,
595,13643,CH4(g) + 5* -> C* + 4H*,,InTc3,111,-1.025828219,,,,,,,,,,,,
596,8920,CH4(g) + 5* -> C* + 4H*,,InTi3,111,-3.3145173060000000,,,,,,,,,,,,
597,77292,CH4(g) + 5* -> C* + 4H*,,InTl3,111,8.133352159,,,,,,,,,,,,
598,4845,CH4(g) + 5* -> C* + 4H*,,InV3,111,-2.6930084830000000,,,,,,,,,,,,
599,12090,CH4(g) + 5* -> C* + 4H*,,InW3,111,-2.557488444,,,,,,,,,,,,
600,88448,CH4(g) + 5* -> C* + 4H*,,InY3,111,-2.6039699770000000,,,,,,,,,,,,
601,59875,CH4(g) + 5* -> C* + 4H*,,InZn3,111,5.25546763,,,,,,,,,,,,
602,6584,CH4(g) + 5* -> C* + 4H*,,InZr3,111,-3.255907115,,,,,,,,,,,,
603,76530,CH4(g) + 5* -> C* + 4H*,,In3Ir,111,4.147719268,,,,,,,,,,,,
604,76502,CH4(g) + 5* -> C* + 4H*,,In3La,111,4.523492288,,,,,,,,,,,,
605,76404,CH4(g) + 5* -> C* + 4H*,,In3Mn,111,5.180063252,,,,,,,,,,,,
606,77345,CH4(g) + 5* -> C* + 4H*,,In3Nb,111,2.318392082,,,,,,,,,,,,
607,80165,CH4(g) + 5* -> C* + 4H*,,In3Os,111,3.336294033,,,,,,,,,,,,
608,77043,CH4(g) + 5* -> C* + 4H*,,In3Pb,111,7.594351652,,,,,,,,,,,,
609,76469,CH4(g) + 5* -> C* + 4H*,,In3Pt,111,3.884114429,,,,,,,,,,,,
610,78748,CH4(g) + 5* -> C* + 4H*,,In3Re,111,0.671812196,,,,,,,,,,,,
611,44504,CH4(g) + 5* -> C* + 4H*,,In3Rh,111,5.6553495280000000,,,,,,,,,,,,
612,60539,CH4(g) + 5* -> C* + 4H*,,In3Ru,111,4.718018308,,,,,,,,,,,,
613,77386,CH4(g) + 5* -> C* + 4H*,,In3Sc,111,4.8306334370000000,,,,,,,,,,,,
614,77682,CH4(g) + 5* -> C* + 4H*,,In3Sn,111,6.816772889,,,,,,,,,,,,
615,76484,CH4(g) + 5* -> C* + 4H*,,In3Ta,111,1.137128221,,,,,,,,,,,,
616,18860,CH4(g) + 5* -> C* + 4H*,,In3Tc,111,1.84012752,,,,,,,,,,,,
617,79421,CH4(g) + 5* -> C* + 4H*,,In3Tc,111,4.46393895,,,,,,,,,,,,
618,76463,CH4(g) + 5* -> C* + 4H*,,In3Ti,111,3.6731746380000000,,,,,,,,,,,,
619,77681,CH4(g) + 5* -> C* + 4H*,,In3Tl,111,7.11237641,,,,,,,,,,,,
620,76485,CH4(g) + 5* -> C* + 4H*,,In3V,111,2.6514622780000000,,,,,,,,,,,,
621,78494,CH4(g) + 5* -> C* + 4H*,,In3W,111,0.662003717,,,,,,,,,,,,
622,76550,CH4(g) + 5* -> C* + 4H*,,In3Y,111,4.722346551,,,,,,,,,,,,
623,43516,CH4(g) + 5* -> C* + 4H*,,In3Zn,111,5.895093521000000,,,,,,,,,,,,
624,78181,CH4(g) + 5* -> C* + 4H*,,In3Zr,111,3.884769543,,,,,,,,,,,,
625,59212,CH4(g) + 5* -> C* + 4H*,,Ir12,111,0.593181501,,,,,,,,,,,,
626,865,CH4(g) + 5* -> C* + 4H*,,IrLa3,111,-0.773952711,,,,,,,,,,,,
627,65324,CH4(g) + 5* -> C* + 4H*,,IrMo3,111,-1.714281265,,,,,,,,,,,,
628,2836,CH4(g) + 5* -> C* + 4H*,,IrNb3,111,-3.313872261,,,,,,,,,,,,
629,68933,CH4(g) + 5* -> C* + 4H*,,IrNi3,111,0.633141418,,,,,,,,,,,,
630,65873,CH4(g) + 5* -> C* + 4H*,,IrOs3,111,0.526413064,,,,,,,,,,,,
631,77917,CH4(g) + 5* -> C* + 4H*,,IrPb3,111,1.4585792920000000,,,,,,,,,,,,
632,70492,CH4(g) + 5* -> C* + 4H*,,IrPd3,111,0.133743679,,,,,,,,,,,,
633,76302,CH4(g) + 5* -> C* + 4H*,,IrPt3,111,0.246886981,,,,,,,,,,,,
634,12499,CH4(g) + 5* -> C* + 4H*,,IrRe3,111,-1.209528326,,,,,,,,,,,,
635,68505,CH4(g) + 5* -> C* + 4H*,,IrRh3,111,0.84015447,,,,,,,,,,,,
636,66677,CH4(g) + 5* -> C* + 4H*,,IrRu3,111,0.197920504,,,,,,,,,,,,
637,3685,CH4(g) + 5* -> C* + 4H*,,IrSc3,111,-2.746015986,,,,,,,,,,,,
638,81844,CH4(g) + 5* -> C* + 4H*,,IrSn3,111,2.968758034,,,,,,,,,,,,
639,9735,CH4(g) + 5* -> C* + 4H*,,IrTa3,111,-3.374499768,,,,,,,,,,,,
640,12776,CH4(g) + 5* -> C* + 4H*,,IrTc3,111,-1.160543753,,,,,,,,,,,,
641,8336,CH4(g) + 5* -> C* + 4H*,,IrTi3,111,-2.9802122580000000,,,,,,,,,,,,
642,81109,CH4(g) + 5* -> C* + 4H*,,IrTl3,111,6.8869877830000000,,,,,,,,,,,,
643,6052,CH4(g) + 5* -> C* + 4H*,,IrV3,111,-2.8717423760000000,,,,,,,,,,,,
644,11398,CH4(g) + 5* -> C* + 4H*,,IrW3,111,-2.320951585,,,,,,,,,,,,
645,72510,CH4(g) + 5* -> C* + 4H*,,IrZn3,111,2.103634398,,,,,,,,,,,,
646,5878,CH4(g) + 5* -> C* + 4H*,,IrZr3,111,-3.164570608,,,,,,,,,,,,
647,67217,CH4(g) + 5* -> C* + 4H*,,Ir3La,111,-1.9908260690000000,,,,,,,,,,,,
648,15161,CH4(g) + 5* -> C* + 4H*,,Ir3Mn,111,0.244896604,,,,,,,,,,,,
649,67238,CH4(g) + 5* -> C* + 4H*,,Ir3Mo,111,0.780053911,,,,,,,,,,,,
650,66681,CH4(g) + 5* -> C* + 4H*,,Ir3Nb,111,-0.268627108,,,,,,,,,,,,
651,65305,CH4(g) + 5* -> C* + 4H*,,Ir3Ni,111,0.44226730200000000,,,,,,,,,,,,
652,67837,CH4(g) + 5* -> C* + 4H*,,Ir3Os,111,0.579611048,,,,,,,,,,,,
653,19617,CH4(g) + 5* -> C* + 4H*,,Ir3Pb,111,1.864956139,,,,,,,,,,,,
654,61748,CH4(g) + 5* -> C* + 4H*,,Ir3Pd,111,-0.126093743,,,,,,,,,,,,
655,15708,CH4(g) + 5* -> C* + 4H*,,Ir3Pt,111,0.080994548,,,,,,,,,,,,
656,68307,CH4(g) + 5* -> C* + 4H*,,Ir3Re,111,1.011500337,,,,,,,,,,,,
657,65304,CH4(g) + 5* -> C* + 4H*,,Ir3Rh,111,0.332722162,,,,,,,,,,,,
658,68308,CH4(g) + 5* -> C* + 4H*,,Ir3Ru,111,0.8874324810000000,,,,,,,,,,,,
659,66679,CH4(g) + 5* -> C* + 4H*,,Ir3Sc,111,-1.3657890170000000,,,,,,,,,,,,
660,20101,CH4(g) + 5* -> C* + 4H*,,Ir3Sn,111,-0.00025864400000000000,,,,,,,,,,,,
661,67219,CH4(g) + 5* -> C* + 4H*,,Ir3Ta,111,-0.174466468,,,,,,,,,,,,
662,67239,CH4(g) + 5* -> C* + 4H*,,Ir3Tc,111,0.988155963,,,,,,,,,,,,
663,66680,CH4(g) + 5* -> C* + 4H*,,Ir3Ti,111,-0.808101773,,,,,,,,,,,,
664,19309,CH4(g) + 5* -> C* + 4H*,,Ir3Tl,111,-0.442284854,,,,,,,,,,,,
665,66701,CH4(g) + 5* -> C* + 4H*,,Ir3V,111,0.107545784,,,,,,,,,,,,
666,67836,CH4(g) + 5* -> C* + 4H*,,Ir3W,111,0.9292068530000000,,,,,,,,,,,,
667,66678,CH4(g) + 5* -> C* + 4H*,,Ir3Y,111,-1.944301541,,,,,,,,,,,,
668,17385,CH4(g) + 5* -> C* + 4H*,,Ir3Zn,111,-0.074213335,,,,,,,,,,,,
669,67218,CH4(g) + 5* -> C* + 4H*,,Ir3Zr,111,-1.3830787220000000,,,,,,,,,,,,
670,62177,CH4(g) + 5* -> C* + 4H*,,La12,111,-0.910392902,,,,,,,,,,,,
671,64824,CH4(g) + 5* -> C* + 4H*,,LaMo3,111,-1.615730884,,,,,,,,,,,,
672,64609,CH4(g) + 5* -> C* + 4H*,,LaNb3,111,-2.0413440030000000,,,,,,,,,,,,
673,65880,CH4(g) + 5* -> C* + 4H*,,LaOs3,111,-1.807764069,,,,,,,,,,,,
674,77296,CH4(g) + 5* -> C* + 4H*,,LaPb3,111,6.066169586,,,,,,,,,,,,
675,69860,CH4(g) + 5* -> C* + 4H*,,LaPd3,111,1.103271545,,,,,,,,,,,,
676,69763,CH4(g) + 5* -> C* + 4H*,,LaPt3,111,-0.088233456,,,,,,,,,,,,
677,66312,CH4(g) + 5* -> C* + 4H*,,LaRe3,111,-3.2608876140000000,,,,,,,,,,,,
678,68005,CH4(g) + 5* -> C* + 4H*,,LaRh3,111,-2.307490385,,,,,,,,,,,,
679,66672,CH4(g) + 5* -> C* + 4H*,,LaRu3,111,-2.3009865920000000,,,,,,,,,,,,
680,64410,CH4(g) + 5* -> C* + 4H*,,LaSc3,111,-2.45316544,,,,,,,,,,,,
681,79750,CH4(g) + 5* -> C* + 4H*,,LaSn3,111,5.741720229000000,,,,,,,,,,,,
682,64582,CH4(g) + 5* -> C* + 4H*,,LaTa3,111,-2.271148766,,,,,,,,,,,,
683,66335,CH4(g) + 5* -> C* + 4H*,,LaTc3,111,-2.674238478,,,,,,,,,,,,
684,64403,CH4(g) + 5* -> C* + 4H*,,LaTi3,111,-3.187973895,,,,,,,,,,,,
685,78315,CH4(g) + 5* -> C* + 4H*,,LaTl3,111,5.338738138,,,,,,,,,,,,
686,65103,CH4(g) + 5* -> C* + 4H*,,LaV3,111,-1.777589638,,,,,,,,,,,,
687,65791,CH4(g) + 5* -> C* + 4H*,,LaW3,111,-2.095702824,,,,,,,,,,,,
688,63052,CH4(g) + 5* -> C* + 4H*,,LaY3,111,-1.9743039970000000,,,,,,,,,,,,
689,63922,CH4(g) + 5* -> C* + 4H*,,LaZr3,111,-2.8759632690000000,,,,,,,,,,,,
690,870,CH4(g) + 5* -> C* + 4H*,,La3Mn,111,-1.418309709,,,,,,,,,,,,
691,2181,CH4(g) + 5* -> C* + 4H*,,La3Mo,111,-1.744277461,,,,,,,,,,,,
692,46354,CH4(g) + 5* -> C* + 4H*,,La3Ni,111,1.654877589,,,,,,,,,,,,
693,864,CH4(g) + 5* -> C* + 4H*,,La3Os,111,-0.306011604,,,,,,,,,,,,
694,1697,CH4(g) + 5* -> C* + 4H*,,La3Pb,111,-1.4082903410000000,,,,,,,,,,,,
695,43995,CH4(g) + 5* -> C* + 4H*,,La3Pd,111,-1.0564848360000000,,,,,,,,,,,,
696,60669,CH4(g) + 5* -> C* + 4H*,,La3Pt,111,1.838614975,,,,,,,,,,,,
697,862,CH4(g) + 5* -> C* + 4H*,,La3Re,111,-1.627507835,,,,,,,,,,,,
698,866,CH4(g) + 5* -> C* + 4H*,,La3Rh,111,-0.827130693,,,,,,,,,,,,
699,61742,CH4(g) + 5* -> C* + 4H*,,La3Ru,111,-0.647991759,,,,,,,,,,,,
700,63237,CH4(g) + 5* -> C* + 4H*,,La3Sc,111,-1.4570566790000000,,,,,,,,,,,,
701,1266,CH4(g) + 5* -> C* + 4H*,,La3Sn,111,-1.174063457,,,,,,,,,,,,
702,1355,CH4(g) + 5* -> C* + 4H*,,La3Ta,111,-2.277033771,,,,,,,,,,,,
703,863,CH4(g) + 5* -> C* + 4H*,,La3Tc,111,-0.374151494,,,,,,,,,,,,
704,821,CH4(g) + 5* -> C* + 4H*,,La3Ti,111,-1.9311943620000000,,,,,,,,,,,,
705,1265,CH4(g) + 5* -> C* + 4H*,,La3Tl,111,-1.18840753,,,,,,,,,,,,
706,1315,CH4(g) + 5* -> C* + 4H*,,La3V,111,-2.058380234,,,,,,,,,,,,
707,2570,CH4(g) + 5* -> C* + 4H*,,La3W,111,-2.494954915,,,,,,,,,,,,
708,63966,CH4(g) + 5* -> C* + 4H*,,La3Y,111,-1.4302606760000000,,,,,,,,,,,,
709,873,CH4(g) + 5* -> C* + 4H*,,La3Zn,111,-0.7914758890000000,,,,,,,,,,,,
710,63106,CH4(g) + 5* -> C* + 4H*,,La3Zr,111,-1.65899576,,,,,,,,,,,,
711,9500,CH4(g) + 5* -> C* + 4H*,,MnMo3,111,-1.999677932,,,,,,,,,,,,
712,3808,CH4(g) + 5* -> C* + 4H*,,MnNb3,111,-2.691191578,,,,,,,,,,,,
713,16178,CH4(g) + 5* -> C* + 4H*,,MnNi3,111,0.51669656,,,,,,,,,,,,
714,14415,CH4(g) + 5* -> C* + 4H*,,MnOs3,111,-0.057108532000000000,,,,,,,,,,,,
715,73353,CH4(g) + 5* -> C* + 4H*,,MnPd3,111,1.4649328770000000,,,,,,,,,,,,
716,78408,CH4(g) + 5* -> C* + 4H*,,MnPt3,111,0.946199954,,,,,,,,,,,,
717,43284,CH4(g) + 5* -> C* + 4H*,,MnRh3,111,0.32472378400000000,,,,,,,,,,,,
718,14640,CH4(g) + 5* -> C* + 4H*,,MnRu3,111,-0.121336241,,,,,,,,,,,,
719,80530,CH4(g) + 5* -> C* + 4H*,,MnSn3,111,4.644415596,,,,,,,,,,,,
720,12084,CH4(g) + 5* -> C* + 4H*,,MnTa3,111,-3.1476426790000000,,,,,,,,,,,,
721,12829,CH4(g) + 5* -> C* + 4H*,,MnTc3,111,-0.834475862,,,,,,,,,,,,
722,8353,CH4(g) + 5* -> C* + 4H*,,MnTi3,111,-2.496190856,,,,,,,,,,,,
723,81656,CH4(g) + 5* -> C* + 4H*,,MnTl3,111,4.3056956370000000,,,,,,,,,,,,
724,11450,CH4(g) + 5* -> C* + 4H*,,MnW3,111,-2.591189199,,,,,,,,,,,,
725,87742,CH4(g) + 5* -> C* + 4H*,,MnY3,111,-2.3577046410000000,,,,,,,,,,,,
726,73655,CH4(g) + 5* -> C* + 4H*,,MnZn3,111,3.334658492,,,,,,,,,,,,
727,44900,CH4(g) + 5* -> C* + 4H*,,MnZr3,111,-2.497036313,,,,,,,,,,,,
728,70402,CH4(g) + 5* -> C* + 4H*,,Mn3Os,111,-0.933567205,,,,,,,,,,,,
729,69265,CH4(g) + 5* -> C* + 4H*,,Mn3Re,111,-1.14800706,,,,,,,,,,,,
730,69762,CH4(g) + 5* -> C* + 4H*,,Mn3Tc,111,-0.839568065,,,,,,,,,,,,
731,58776,CH4(g) + 5* -> C* + 4H*,,Mo12,111,-2.87300131,,,,,,,,,,,,
732,2318,CH4(g) + 5* -> C* + 4H*,,MoNb3,111,-4.413370539,,,,,,,,,,,,
733,69996,CH4(g) + 5* -> C* + 4H*,,MoNi3,111,0.447441139,,,,,,,,,,,,
734,66670,CH4(g) + 5* -> C* + 4H*,,MoOs3,111,-0.9382566790000000,,,,,,,,,,,,
735,77852,CH4(g) + 5* -> C* + 4H*,,MoPb3,111,6.428058815,,,,,,,,,,,,
736,69886,CH4(g) + 5* -> C* + 4H*,,MoPd3,111,1.1654601690000000,,,,,,,,,,,,
737,74193,CH4(g) + 5* -> C* + 4H*,,MoPt3,111,1.7983523320000000,,,,,,,,,,,,
738,66647,CH4(g) + 5* -> C* + 4H*,,MoRe3,111,-1.608603134,,,,,,,,,,,,
739,68504,CH4(g) + 5* -> C* + 4H*,,MoRh3,111,0.17634759100000000,,,,,,,,,,,,
740,66675,CH4(g) + 5* -> C* + 4H*,,MoRu3,111,-1.046870374,,,,,,,,,,,,
741,3029,CH4(g) + 5* -> C* + 4H*,,MoSc3,111,-3.003506699,,,,,,,,,,,,
742,59816,CH4(g) + 5* -> C* + 4H*,,MoSn3,111,6.463901105,,,,,,,,,,,,
743,11133,CH4(g) + 5* -> C* + 4H*,,MoTa3,111,-4.373856344,,,,,,,,,,,,
744,65878,CH4(g) + 5* -> C* + 4H*,,MoTc3,111,-1.275098917,,,,,,,,,,,,
745,7795,CH4(g) + 5* -> C* + 4H*,,MoTi3,111,-3.1539791210000000,,,,,,,,,,,,
746,65311,CH4(g) + 5* -> C* + 4H*,,MoW3,111,-4.211802893,,,,,,,,,,,,
747,87655,CH4(g) + 5* -> C* + 4H*,,MoY3,111,-2.026704006,,,,,,,,,,,,
748,72506,CH4(g) + 5* -> C* + 4H*,,MoZn3,111,0.311707626,,,,,,,,,,,,
749,5321,CH4(g) + 5* -> C* + 4H*,,MoZr3,111,-3.267378073,,,,,,,,,,,,
750,8844,CH4(g) + 5* -> C* + 4H*,,Mo3Ni,111,-2.044399297,,,,,,,,,,,,
751,65301,CH4(g) + 5* -> C* + 4H*,,Mo3Os,111,-1.957028578,,,,,,,,,,,,
752,11019,CH4(g) + 5* -> C* + 4H*,,Mo3Pb,111,-1.143206019,,,,,,,,,,,,
753,11016,CH4(g) + 5* -> C* + 4H*,,Mo3Pd,111,-2.58370702,,,,,,,,,,,,
754,10197,CH4(g) + 5* -> C* + 4H*,,Mo3Pt,111,-2.247596905,,,,,,,,,,,,
755,64867,CH4(g) + 5* -> C* + 4H*,,Mo3Re,111,-2.307445758,,,,,,,,,,,,
756,8792,CH4(g) + 5* -> C* + 4H*,,Mo3Rh,111,-1.953316401,,,,,,,,,,,,
757,65302,CH4(g) + 5* -> C* + 4H*,,Mo3Ru,111,-1.820561991,,,,,,,,,,,,
758,65255,CH4(g) + 5* -> C* + 4H*,,Mo3Sc,111,-3.5543320490000000,,,,,,,,,,,,
759,10229,CH4(g) + 5* -> C* + 4H*,,Mo3Sn,111,-1.429938358,,,,,,,,,,,,
760,61744,CH4(g) + 5* -> C* + 4H*,,Mo3Tc,111,-2.067333596,,,,,,,,,,,,
761,10275,CH4(g) + 5* -> C* + 4H*,,Mo3Tl,111,-1.631333212,,,,,,,,,,,,
762,65256,CH4(g) + 5* -> C* + 4H*,,Mo3W,111,-3.5438217870000000,,,,,,,,,,,,
763,11735,CH4(g) + 5* -> C* + 4H*,,Mo3Zn,111,-2.4670451510000000,,,,,,,,,,,,
764,65698,CH4(g) + 5* -> C* + 4H*,,Mo3Zr,111,-1.474448835,,,,,,,,,,,,
765,62732,CH4(g) + 5* -> C* + 4H*,,Nb12,111,-3.046058229,,,,,,,,,,,,
766,68721,CH4(g) + 5* -> C* + 4H*,,NbNi3,111,1.208904096,,,,,,,,,,,,
767,65901,CH4(g) + 5* -> C* + 4H*,,NbOs3,111,-1.561384444,,,,,,,,,,,,
768,77849,CH4(g) + 5* -> C* + 4H*,,NbPb3,111,2.27674193,,,,,,,,,,,,
769,69885,CH4(g) + 5* -> C* + 4H*,,NbPd3,111,1.999231257,,,,,,,,,,,,
770,73277,CH4(g) + 5* -> C* + 4H*,,NbPt3,111,2.1483465110000000,,,,,,,,,,,,
771,65819,CH4(g) + 5* -> C* + 4H*,,NbRe3,111,-2.400215897,,,,,,,,,,,,
772,67492,CH4(g) + 5* -> C* + 4H*,,NbRh3,111,-0.631265058,,,,,,,,,,,,
773,66674,CH4(g) + 5* -> C* + 4H*,,NbRu3,111,-1.587550911,,,,,,,,,,,,
774,3015,CH4(g) + 5* -> C* + 4H*,,NbSc3,111,-2.729095403,,,,,,,,,,,,
775,79057,CH4(g) + 5* -> C* + 4H*,,NbSn3,111,3.202663008,,,,,,,,,,,,
776,63808,CH4(g) + 5* -> C* + 4H*,,NbTa3,111,-3.702715589,,,,,,,,,,,,
777,61152,CH4(g) + 5* -> C* + 4H*,,NbTc3,111,-1.98199407,,,,,,,,,,,,
778,7272,CH4(g) + 5* -> C* + 4H*,,NbTi3,111,-2.798607019,,,,,,,,,,,,
779,79507,CH4(g) + 5* -> C* + 4H*,,NbTl3,111,4.868901758,,,,,,,,,,,,
780,64613,CH4(g) + 5* -> C* + 4H*,,NbV3,111,-3.601831696,,,,,,,,,,,,
781,66399,CH4(g) + 5* -> C* + 4H*,,NbW3,111,-4.803185858,,,,,,,,,,,,
782,87709,CH4(g) + 5* -> C* + 4H*,,NbY3,111,-2.9432240960000000,,,,,,,,,,,,
783,72504,CH4(g) + 5* -> C* + 4H*,,NbZn3,111,0.61851149,,,,,,,,,,,,
784,4629,CH4(g) + 5* -> C* + 4H*,,NbZr3,111,-3.1542682420000000,,,,,,,,,,,,
785,2838,CH4(g) + 5* -> C* + 4H*,,Nb3Ni,111,-2.3240181720000000,,,,,,,,,,,,
786,2835,CH4(g) + 5* -> C* + 4H*,,Nb3Os,111,-4.00051779,,,,,,,,,,,,
787,5147,CH4(g) + 5* -> C* + 4H*,,Nb3Pb,111,-2.920218232,,,,,,,,,,,,
788,3252,CH4(g) + 5* -> C* + 4H*,,Nb3Pd,111,-3.116236115,,,,,,,,,,,,
789,4611,CH4(g) + 5* -> C* + 4H*,,Nb3Pt,111,-2.988481933,,,,,,,,,,,,
790,2885,CH4(g) + 5* -> C* + 4H*,,Nb3Re,111,-4.107509278,,,,,,,,,,,,
791,2837,CH4(g) + 5* -> C* + 4H*,,Nb3Rh,111,-3.258563762,,,,,,,,,,,,
792,3660,CH4(g) + 5* -> C* + 4H*,,Nb3Ru,111,1.118335087,,,,,,,,,,,,
793,65102,CH4(g) + 5* -> C* + 4H*,,Nb3Sc,111,-3.0211630780000000,,,,,,,,,,,,
794,5944,CH4(g) + 5* -> C* + 4H*,,Nb3Sn,111,-2.917591245,,,,,,,,,,,,
795,64611,CH4(g) + 5* -> C* + 4H*,,Nb3Ta,111,-3.6170089820000000,,,,,,,,,,,,
796,2834,CH4(g) + 5* -> C* + 4H*,,Nb3Tc,111,-3.3425687060000000,,,,,,,,,,,,
797,43524,CH4(g) + 5* -> C* + 4H*,,Nb3Ti,111,0.179426287,,,,,,,,,,,,
798,3842,CH4(g) + 5* -> C* + 4H*,,Nb3Tl,111,-3.103469623,,,,,,,,,,,,
799,64129,CH4(g) + 5* -> C* + 4H*,,Nb3V,111,-3.564228965,,,,,,,,,,,,
800,2286,CH4(g) + 5* -> C* + 4H*,,Nb3W,111,-4.053377536,,,,,,,,,,,,
801,64608,CH4(g) + 5* -> C* + 4H*,,Nb3Y,111,-2.556106105,,,,,,,,,,,,
802,3698,CH4(g) + 5* -> C* + 4H*,,Nb3Zn,111,-3.1523856230000000,,,,,,,,,,,,
803,65644,CH4(g) + 5* -> C* + 4H*,,Nb3Zr,111,-3.2376458270000000,,,,,,,,,,,,
804,13847,CH4(g) + 5* -> C* + 4H*,,NiOs3,111,0.736822505,,,,,,,,,,,,
805,71718,CH4(g) + 5* -> C* + 4H*,,NiPd3,111,1.543490374,,,,,,,,,,,,
806,77514,CH4(g) + 5* -> C* + 4H*,,NiPt3,111,1.227670019,,,,,,,,,,,,
807,12591,CH4(g) + 5* -> C* + 4H*,,NiRe3,111,-0.9395217370000000,,,,,,,,,,,,
808,69049,CH4(g) + 5* -> C* + 4H*,,NiRh3,111,0.413752085,,,,,,,,,,,,
809,10480,CH4(g) + 5* -> C* + 4H*,,NiTa3,111,-3.229623367,,,,,,,,,,,,
810,43526,CH4(g) + 5* -> C* + 4H*,,NiTi3,111,-2.746522254,,,,,,,,,,,,
811,6881,CH4(g) + 5* -> C* + 4H*,,NiV3,111,-2.757294424,,,,,,,,,,,,
812,11434,CH4(g) + 5* -> C* + 4H*,,NiW3,111,-2.574564131,,,,,,,,,,,,
813,73431,CH4(g) + 5* -> C* + 4H*,,NiZn3,111,4.618995674,,,,,,,,,,,,
814,5464,CH4(g) + 5* -> C* + 4H*,,NiZr3,111,-2.424369401,,,,,,,,,,,,
815,68082,CH4(g) + 5* -> C* + 4H*,,Ni3Os,111,-0.050383102,,,,,,,,,,,,
816,16112,CH4(g) + 5* -> C* + 4H*,,Ni3Pd,111,1.124333428,,,,,,,,,,,,
817,15650,CH4(g) + 5* -> C* + 4H*,,Ni3Pt,111,1.109859965,,,,,,,,,,,,
818,68081,CH4(g) + 5* -> C* + 4H*,,Ni3Re,111,-0.062392846000000000,,,,,,,,,,,,
819,59961,CH4(g) + 5* -> C* + 4H*,,Ni3Rh,111,0.890777985,,,,,,,,,,,,
820,68472,CH4(g) + 5* -> C* + 4H*,,Ni3Ru,111,0.525397672,,,,,,,,,,,,
821,68811,CH4(g) + 5* -> C* + 4H*,,Ni3Sc,111,-1.091362891,,,,,,,,,,,,
822,16941,CH4(g) + 5* -> C* + 4H*,,Ni3Sn,111,0.7186153680000000,,,,,,,,,,,,
823,68080,CH4(g) + 5* -> C* + 4H*,,Ni3Ta,111,0.646465608,,,,,,,,,,,,
824,70526,CH4(g) + 5* -> C* + 4H*,,Ni3Ti,111,0.966452027,,,,,,,,,,,,
825,16625,CH4(g) + 5* -> C* + 4H*,,Ni3Tl,111,0.451194813,,,,,,,,,,,,
826,69336,CH4(g) + 5* -> C* + 4H*,,Ni3V,111,0.98485631,,,,,,,,,,,,
827,68166,CH4(g) + 5* -> C* + 4H*,,Ni3Y,111,-0.515313269,,,,,,,,,,,,
828,17947,CH4(g) + 5* -> C* + 4H*,,Ni3Zn,111,0.049911121000000000,,,,,,,,,,,,
829,69493,CH4(g) + 5* -> C* + 4H*,,Ni3Zr,111,0.177480945,,,,,,,,,,,,
830,58773,CH4(g) + 5* -> C* + 4H*,,Os12,111,0.643041192,,,,,,,,,,,,
831,60551,CH4(g) + 5* -> C* + 4H*,,OsPd3,111,-0.043559439000000000,,,,,,,,,,,,
832,76086,CH4(g) + 5* -> C* + 4H*,,OsPt3,111,0.90278283,,,,,,,,,,,,
833,65313,CH4(g) + 5* -> C* + 4H*,,OsRe3,111,-0.78768997,,,,,,,,,,,,
834,61737,CH4(g) + 5* -> C* + 4H*,,OsRh3,111,0.425007257,,,,,,,,,,,,
835,61146,CH4(g) + 5* -> C* + 4H*,,OsRu3,111,-0.023835131000000000,,,,,,,,,,,,
836,3008,CH4(g) + 5* -> C* + 4H*,,OsSc3,111,-3.1695229440000000,,,,,,,,,,,,
837,80729,CH4(g) + 5* -> C* + 4H*,,OsSn3,111,1.389789594,,,,,,,,,,,,
838,60543,CH4(g) + 5* -> C* + 4H*,,OsTa3,111,-4.477504913,,,,,,,,,,,,
839,67188,CH4(g) + 5* -> C* + 4H*,,OsTc3,111,-0.980395276,,,,,,,,,,,,
840,8334,CH4(g) + 5* -> C* + 4H*,,OsTi3,111,-3.0091647620000000,,,,,,,,,,,,
841,80884,CH4(g) + 5* -> C* + 4H*,,OsTl3,111,6.042090369000000,,,,,,,,,,,,
842,10959,CH4(g) + 5* -> C* + 4H*,,OsW3,111,-2.355508001,,,,,,,,,,,,
843,87686,CH4(g) + 5* -> C* + 4H*,,OsY3,111,-2.695526896,,,,,,,,,,,,
844,73093,CH4(g) + 5* -> C* + 4H*,,OsZn3,111,0.31666785400000000,,,,,,,,,,,,
845,6379,CH4(g) + 5* -> C* + 4H*,,OsZr3,111,-3.369077627,,,,,,,,,,,,
846,61011,CH4(g) + 5* -> C* + 4H*,,Os3Pb,111,1.57757168,,,,,,,,,,,,
847,61750,CH4(g) + 5* -> C* + 4H*,,Os3Pd,111,-0.075489685,,,,,,,,,,,,
848,14416,CH4(g) + 5* -> C* + 4H*,,Os3Pt,111,0.21206334900000000,,,,,,,,,,,,
849,67817,CH4(g) + 5* -> C* + 4H*,,Os3Re,111,-0.10870621300000000,,,,,,,,,,,,
850,13846,CH4(g) + 5* -> C* + 4H*,,Os3Rh,111,0.59487228,,,,,,,,,,,,
851,65335,CH4(g) + 5* -> C* + 4H*,,Os3Ru,111,0.18017840900000000,,,,,,,,,,,,
852,65881,CH4(g) + 5* -> C* + 4H*,,Os3Sc,111,-1.7079918970000000,,,,,,,,,,,,
853,14578,CH4(g) + 5* -> C* + 4H*,,Os3Sn,111,-0.639625755,,,,,,,,,,,,
854,46746,CH4(g) + 5* -> C* + 4H*,,Os3Ta,111,-1.503245826,,,,,,,,,,,,
855,68291,CH4(g) + 5* -> C* + 4H*,,Os3Tc,111,-0.348951439,,,,,,,,,,,,
856,66650,CH4(g) + 5* -> C* + 4H*,,Os3Ti,111,-1.51247756,,,,,,,,,,,,
857,66327,CH4(g) + 5* -> C* + 4H*,,Os3V,111,-0.986225723,,,,,,,,,,,,
858,67211,CH4(g) + 5* -> C* + 4H*,,Os3W,111,-0.7696297740000000,,,,,,,,,,,,
859,65879,CH4(g) + 5* -> C* + 4H*,,Os3Y,111,-2.76344964,,,,,,,,,,,,
860,14419,CH4(g) + 5* -> C* + 4H*,,Os3Zn,111,-0.266092232,,,,,,,,,,,,
861,65882,CH4(g) + 5* -> C* + 4H*,,Os3Zr,111,-2.195611597,,,,,,,,,,,,
862,58775,CH4(g) + 5* -> C* + 4H*,,Pb12,111,8.193932999,,,,,,,,,,,,
863,19480,CH4(g) + 5* -> C* + 4H*,,PbPd3,111,2.3805358080000000,,,,,,,,,,,,
864,16328,CH4(g) + 5* -> C* + 4H*,,PbPt3,111,2.7703913990000000,,,,,,,,,,,,
865,15647,CH4(g) + 5* -> C* + 4H*,,PbRh3,111,-0.240767957,,,,,,,,,,,,
866,15124,CH4(g) + 5* -> C* + 4H*,,PbRu3,111,-0.588892442,,,,,,,,,,,,
867,3746,CH4(g) + 5* -> C* + 4H*,,PbSc3,111,-3.380133885,,,,,,,,,,,,
868,78974,CH4(g) + 5* -> C* + 4H*,,PbSn3,111,6.865549158000000,,,,,,,,,,,,
869,1329,CH4(g) + 5* -> C* + 4H*,,PbTa3,111,-3.271183722,,,,,,,,,,,,
870,14365,CH4(g) + 5* -> C* + 4H*,,PbTc3,111,-0.622572925,,,,,,,,,,,,
871,9623,CH4(g) + 5* -> C* + 4H*,,PbTi3,111,-3.309326735,,,,,,,,,,,,
872,77293,CH4(g) + 5* -> C* + 4H*,,PbTl3,111,8.069936029000000,,,,,,,,,,,,
873,6448,CH4(g) + 5* -> C* + 4H*,,PbV3,111,-2.317593428,,,,,,,,,,,,
874,45226,CH4(g) + 5* -> C* + 4H*,,PbW3,111,-1.610118264,,,,,,,,,,,,
875,88168,CH4(g) + 5* -> C* + 4H*,,PbY3,111,-2.803067374,,,,,,,,,,,,
876,17905,CH4(g) + 5* -> C* + 4H*,,PbZn3,111,5.383496919,,,,,,,,,,,,
877,8520,CH4(g) + 5* -> C* + 4H*,,PbZr3,111,-3.237785694,,,,,,,,,,,,
878,77854,CH4(g) + 5* -> C* + 4H*,,Pb3Re,111,-0.175619687,,,,,,,,,,,,
879,78392,CH4(g) + 5* -> C* + 4H*,,Pb3Rh,111,3.5741037040000000,,,,,,,,,,,,
880,78358,CH4(g) + 5* -> C* + 4H*,,Pb3Ru,111,5.9764501160000000,,,,,,,,,,,,
881,77297,CH4(g) + 5* -> C* + 4H*,,Pb3Sc,111,4.845720788,,,,,,,,,,,,
882,77294,CH4(g) + 5* -> C* + 4H*,,Pb3Sn,111,6.853392745,,,,,,,,,,,,
883,77848,CH4(g) + 5* -> C* + 4H*,,Pb3Ta,111,1.235099679,,,,,,,,,,,,
884,78962,CH4(g) + 5* -> C* + 4H*,,Pb3Tl,111,7.5622177290000000,,,,,,,,,,,,
885,77850,CH4(g) + 5* -> C* + 4H*,,Pb3V,111,2.528654853,,,,,,,,,,,,
886,59872,CH4(g) + 5* -> C* + 4H*,,Pb3W,111,5.768154728,,,,,,,,,,,,
887,77774,CH4(g) + 5* -> C* + 4H*,,Pb3W,111,0.413760384,,,,,,,,,,,,
888,77295,CH4(g) + 5* -> C* + 4H*,,Pb3Y,111,5.718989336,,,,,,,,,,,,
889,79006,CH4(g) + 5* -> C* + 4H*,,Pb3Zn,111,6.77224935,,,,,,,,,,,,
890,77318,CH4(g) + 5* -> C* + 4H*,,Pb3Zr,111,3.24112902,,,,,,,,,,,,
891,61826,CH4(g) + 5* -> C* + 4H*,,Pd12,111,1.3458204880000000,,,,,,,,,,,,
892,78618,CH4(g) + 5* -> C* + 4H*,,PdPt3,111,0.79100554,,,,,,,,,,,,
893,12619,CH4(g) + 5* -> C* + 4H*,,PdRe3,111,-1.832451869,,,,,,,,,,,,
894,15130,CH4(g) + 5* -> C* + 4H*,,PdRh3,111,0.054282357,,,,,,,,,,,,
895,14642,CH4(g) + 5* -> C* + 4H*,,PdRu3,111,-0.35041133,,,,,,,,,,,,
896,3664,CH4(g) + 5* -> C* + 4H*,,PdSc3,111,-3.120102989,,,,,,,,,,,,
897,81589,CH4(g) + 5* -> C* + 4H*,,PdSn3,111,6.831775069,,,,,,,,,,,,
898,10455,CH4(g) + 5* -> C* + 4H*,,PdTa3,111,-3.472363469,,,,,,,,,,,,
899,12803,CH4(g) + 5* -> C* + 4H*,,PdTc3,111,-1.543046013,,,,,,,,,,,,
900,8889,CH4(g) + 5* -> C* + 4H*,,PdTi3,111,-3.034259917,,,,,,,,,,,,
901,7662,CH4(g) + 5* -> C* + 4H*,,PdV3,111,-2.9193344060000000,,,,,,,,,,,,
902,47093,CH4(g) + 5* -> C* + 4H*,,PdW3,111,-3.0009867890000000,,,,,,,,,,,,
903,88213,CH4(g) + 5* -> C* + 4H*,,PdY3,111,-2.7986151830000000,,,,,,,,,,,,
904,74729,CH4(g) + 5* -> C* + 4H*,,PdZn3,111,5.978606755,,,,,,,,,,,,
905,5635,CH4(g) + 5* -> C* + 4H*,,PdZr3,111,-2.8911850460000000,,,,,,,,,,,,
906,69888,CH4(g) + 5* -> C* + 4H*,,Pd3Pt,111,1.067650211,,,,,,,,,,,,
907,71145,CH4(g) + 5* -> C* + 4H*,,Pd3Re,111,0.09999829800000000,,,,,,,,,,,,
908,71146,CH4(g) + 5* -> C* + 4H*,,Pd3Rh,111,0.8231363340000000,,,,,,,,,,,,
909,69887,CH4(g) + 5* -> C* + 4H*,,Pd3Ru,111,0.669568073,,,,,,,,,,,,
910,70473,CH4(g) + 5* -> C* + 4H*,,Pd3Sc,111,1.171134288,,,,,,,,,,,,
911,19955,CH4(g) + 5* -> C* + 4H*,,Pd3Sn,111,2.735238781,,,,,,,,,,,,
912,69369,CH4(g) + 5* -> C* + 4H*,,Pd3Ta,111,1.932640511,,,,,,,,,,,,
913,59213,CH4(g) + 5* -> C* + 4H*,,Pd3Tc,111,0.713131458,,,,,,,,,,,,
914,69349,CH4(g) + 5* -> C* + 4H*,,Pd3Ti,111,2.213429067,,,,,,,,,,,,
915,18941,CH4(g) + 5* -> C* + 4H*,,Pd3Tl,111,2.083766959,,,,,,,,,,,,
916,70490,CH4(g) + 5* -> C* + 4H*,,Pd3V,111,1.8592055580000000,,,,,,,,,,,,
917,70491,CH4(g) + 5* -> C* + 4H*,,Pd3W,111,0.767860898,,,,,,,,,,,,
918,69348,CH4(g) + 5* -> C* + 4H*,,Pd3Y,111,0.936676106,,,,,,,,,,,,
919,16838,CH4(g) + 5* -> C* + 4H*,,Pd3Zn,111,1.981495285,,,,,,,,,,,,
920,71121,CH4(g) + 5* -> C* + 4H*,,Pd3Zr,111,2.529439766,,,,,,,,,,,,
921,58780,CH4(g) + 5* -> C* + 4H*,,Pt12,111,0.973209702,,,,,,,,,,,,
922,13548,CH4(g) + 5* -> C* + 4H*,,PtRe3,111,-1.586951988,,,,,,,,,,,,
923,15129,CH4(g) + 5* -> C* + 4H*,,PtRh3,111,0.465136565,,,,,,,,,,,,
924,14641,CH4(g) + 5* -> C* + 4H*,,PtRu3,111,-0.076188201,,,,,,,,,,,,
925,4578,CH4(g) + 5* -> C* + 4H*,,PtSc3,111,-2.94390819,,,,,,,,,,,,
926,9668,CH4(g) + 5* -> C* + 4H*,,PtTa3,111,-3.548683237,,,,,,,,,,,,
927,13597,CH4(g) + 5* -> C* + 4H*,,PtTc3,111,-1.334125307,,,,,,,,,,,,
928,44095,CH4(g) + 5* -> C* + 4H*,,PtTi3,111,-2.9442465640000000,,,,,,,,,,,,
929,59814,CH4(g) + 5* -> C* + 4H*,,PtTl3,111,3.244586227,,,,,,,,,,,,
930,60542,CH4(g) + 5* -> C* + 4H*,,PtV3,111,-2.774175823,,,,,,,,,,,,
931,11420,CH4(g) + 5* -> C* + 4H*,,PtW3,111,-2.7910404860000000,,,,,,,,,,,,
932,74112,CH4(g) + 5* -> C* + 4H*,,PtZn3,111,4.470827376,,,,,,,,,,,,
933,5596,CH4(g) + 5* -> C* + 4H*,,PtZr3,111,-2.883991308,,,,,,,,,,,,
934,75224,CH4(g) + 5* -> C* + 4H*,,Pt3Re,111,0.425756931,,,,,,,,,,,,
935,76945,CH4(g) + 5* -> C* + 4H*,,Pt3Rh,111,0.7846261040000000,,,,,,,,,,,,
936,61740,CH4(g) + 5* -> C* + 4H*,,Pt3Ru,111,1.026654492,,,,,,,,,,,,
937,70403,CH4(g) + 5* -> C* + 4H*,,Pt3Sc,111,0.459989804,,,,,,,,,,,,
938,16739,CH4(g) + 5* -> C* + 4H*,,Pt3Sn,111,1.617900584,,,,,,,,,,,,
939,72775,CH4(g) + 5* -> C* + 4H*,,Pt3Ta,111,2.393145563,,,,,,,,,,,,
940,75675,CH4(g) + 5* -> C* + 4H*,,Pt3Tc,111,1.338714778,,,,,,,,,,,,
941,72191,CH4(g) + 5* -> C* + 4H*,,Pt3Ti,111,1.7092263420000000,,,,,,,,,,,,
942,16257,CH4(g) + 5* -> C* + 4H*,,Pt3Tl,111,1.198028523,,,,,,,,,,,,
943,73512,CH4(g) + 5* -> C* + 4H*,,Pt3V,111,1.700008485,,,,,,,,,,,,
944,74820,CH4(g) + 5* -> C* + 4H*,,Pt3W,111,1.073727329,,,,,,,,,,,,
945,69266,CH4(g) + 5* -> C* + 4H*,,Pt3Y,111,0.088286247,,,,,,,,,,,,
946,45225,CH4(g) + 5* -> C* + 4H*,,Pt3Zn,111,1.153960502,,,,,,,,,,,,
947,71032,CH4(g) + 5* -> C* + 4H*,,Pt3Zr,111,1.8948611780000000,,,,,,,,,,,,
948,58791,CH4(g) + 5* -> C* + 4H*,,Re12,111,-0.665345955,,,,,,,,,,,,
949,69571,CH4(g) + 5* -> C* + 4H*,,ReRh3,111,0.308733967,,,,,,,,,,,,
950,66676,CH4(g) + 5* -> C* + 4H*,,ReRu3,111,-0.508870838,,,,,,,,,,,,
951,3018,CH4(g) + 5* -> C* + 4H*,,ReSc3,111,-3.269964243,,,,,,,,,,,,
952,79483,CH4(g) + 5* -> C* + 4H*,,ReSn3,111,1.180844262,,,,,,,,,,,,
953,9643,CH4(g) + 5* -> C* + 4H*,,ReTa3,111,-4.322129136,,,,,,,,,,,,
954,66649,CH4(g) + 5* -> C* + 4H*,,ReTc3,111,-0.9759735620000000,,,,,,,,,,,,
955,4108,CH4(g) + 5* -> C* + 4H*,,ReV3,111,-4.066459545,,,,,,,,,,,,
956,61157,CH4(g) + 5* -> C* + 4H*,,ReW3,111,-2.981571603,,,,,,,,,,,,
957,87726,CH4(g) + 5* -> C* + 4H*,,ReY3,111,-3.430079428,,,,,,,,,,,,
958,73092,CH4(g) + 5* -> C* + 4H*,,ReZn3,111,-0.712899753,,,,,,,,,,,,
959,5322,CH4(g) + 5* -> C* + 4H*,,ReZr3,111,-2.789747265,,,,,,,,,,,,
960,12111,CH4(g) + 5* -> C* + 4H*,,Re3Rh,111,-1.535172943,,,,,,,,,,,,
961,12079,CH4(g) + 5* -> C* + 4H*,,Re3Ru,111,-1.028259419,,,,,,,,,,,,
962,66646,CH4(g) + 5* -> C* + 4H*,,Re3Sc,111,-2.199044721,,,,,,,,,,,,
963,15572,CH4(g) + 5* -> C* + 4H*,,Re3Sn,111,-0.7426603,,,,,,,,,,,,
964,68910,CH4(g) + 5* -> C* + 4H*,,Re3Ta,111,-2.454088995,,,,,,,,,,,,
965,65312,CH4(g) + 5* -> C* + 4H*,,Re3Tc,111,-1.080551944,,,,,,,,,,,,
966,68347,CH4(g) + 5* -> C* + 4H*,,Re3Ti,111,-1.92046328,,,,,,,,,,,,
967,65876,CH4(g) + 5* -> C* + 4H*,,Re3V,111,-1.92705932,,,,,,,,,,,,
968,67186,CH4(g) + 5* -> C* + 4H*,,Re3W,111,-1.633048209,,,,,,,,,,,,
969,65874,CH4(g) + 5* -> C* + 4H*,,Re3Y,111,-3.2633950080000000,,,,,,,,,,,,
970,13428,CH4(g) + 5* -> C* + 4H*,,Re3Zn,111,-1.04584328,,,,,,,,,,,,
971,67185,CH4(g) + 5* -> C* + 4H*,,Re3Zr,111,-2.5929455570000000,,,,,,,,,,,,
972,58777,CH4(g) + 5* -> C* + 4H*,,Rh12,111,0.789247005,,,,,,,,,,,,
973,14637,CH4(g) + 5* -> C* + 4H*,,RhRu3,111,-0.191727465,,,,,,,,,,,,
974,3662,CH4(g) + 5* -> C* + 4H*,,RhSc3,111,-2.9067740390000000,,,,,,,,,,,,
975,79035,CH4(g) + 5* -> C* + 4H*,,RhSn3,111,7.94648696,,,,,,,,,,,,
976,9799,CH4(g) + 5* -> C* + 4H*,,RhTa3,111,-3.532877369,,,,,,,,,,,,
977,13815,CH4(g) + 5* -> C* + 4H*,,RhTc3,111,-1.4245162170000000,,,,,,,,,,,,
978,8337,CH4(g) + 5* -> C* + 4H*,,RhTi3,111,-3.147673019,,,,,,,,,,,,
979,61747,CH4(g) + 5* -> C* + 4H*,,RhV3,111,-2.98696381,,,,,,,,,,,,
980,43525,CH4(g) + 5* -> C* + 4H*,,RhW3,111,-2.509732601,,,,,,,,,,,,
981,59224,CH4(g) + 5* -> C* + 4H*,,RhY3,111,2.097431019,,,,,,,,,,,,
982,73094,CH4(g) + 5* -> C* + 4H*,,RhZn3,111,3.947592057,,,,,,,,,,,,
983,5592,CH4(g) + 5* -> C* + 4H*,,RhZr3,111,-3.267346508,,,,,,,,,,,,
984,68077,CH4(g) + 5* -> C* + 4H*,,Rh3Ru,111,0.490041512,,,,,,,,,,,,
985,67488,CH4(g) + 5* -> C* + 4H*,,Rh3Sc,111,-1.2764725480000000,,,,,,,,,,,,
986,16226,CH4(g) + 5* -> C* + 4H*,,Rh3Sn,111,0.018847421,,,,,,,,,,,,
987,67491,CH4(g) + 5* -> C* + 4H*,,Rh3Ta,111,-0.571936213,,,,,,,,,,,,
988,70178,CH4(g) + 5* -> C* + 4H*,,Rh3Tc,111,0.32455072,,,,,,,,,,,,
989,67490,CH4(g) + 5* -> C* + 4H*,,Rh3Ti,111,-0.82774363,,,,,,,,,,,,
990,15646,CH4(g) + 5* -> C* + 4H*,,Rh3Tl,111,-0.292720203,,,,,,,,,,,,
991,67516,CH4(g) + 5* -> C* + 4H*,,Rh3V,111,-0.12928509400000000,,,,,,,,,,,,
992,69048,CH4(g) + 5* -> C* + 4H*,,Rh3W,111,0.269417054,,,,,,,,,,,,
993,67487,CH4(g) + 5* -> C* + 4H*,,Rh3Y,111,-2.265380905,,,,,,,,,,,,
994,17058,CH4(g) + 5* -> C* + 4H*,,Rh3Zn,111,0.016505881,,,,,,,,,,,,
995,67489,CH4(g) + 5* -> C* + 4H*,,Rh3Zr,111,-1.421718751,,,,,,,,,,,,
996,58779,CH4(g) + 5* -> C* + 4H*,,Ru12,111,-0.045352941000000000,,,,,,,,,,,,
997,4001,CH4(g) + 5* -> C* + 4H*,,RuSc3,111,-2.9482402430000000,,,,,,,,,,,,
998,81379,CH4(g) + 5* -> C* + 4H*,,RuSn3,111,3.113670354,,,,,,,,,,,,
999,9628,CH4(g) + 5* -> C* + 4H*,,RuTa3,111,-4.02325018,,,,,,,,,,,,
1000,59223,CH4(g) + 5* -> C* + 4H*,,RuTc3,111,-1.007627476,,,,,,,,,,,,
1001,8335,CH4(g) + 5* -> C* + 4H*,,RuTi3,111,-3.390457068,,,,,,,,,,,,
1002,4804,CH4(g) + 5* -> C* + 4H*,,RuV3,111,-3.7385876760000000,,,,,,,,,,,,
1003,10974,CH4(g) + 5* -> C* + 4H*,,RuW3,111,-2.2866177570000000,,,,,,,,,,,,
1004,87701,CH4(g) + 5* -> C* + 4H*,,RuY3,111,-2.52870465,,,,,,,,,,,,
1005,72509,CH4(g) + 5* -> C* + 4H*,,RuZn3,111,1.796381003,,,,,,,,,,,,
1006,44094,CH4(g) + 5* -> C* + 4H*,,RuZr3,111,-3.322279762,,,,,,,,,,,,
1007,67212,CH4(g) + 5* -> C* + 4H*,,Ru3Sc,111,-1.760653817,,,,,,,,,,,,
1008,15125,CH4(g) + 5* -> C* + 4H*,,Ru3Sn,111,-0.59496099,,,,,,,,,,,,
1009,68292,CH4(g) + 5* -> C* + 4H*,,Ru3Ta,111,-1.56442831,,,,,,,,,,,,
1010,67216,CH4(g) + 5* -> C* + 4H*,,Ru3Tc,111,-0.545618179,,,,,,,,,,,,
1011,67818,CH4(g) + 5* -> C* + 4H*,,Ru3Ti,111,-1.344691759,,,,,,,,,,,,
1012,15123,CH4(g) + 5* -> C* + 4H*,,Ru3Tl,111,-0.6695356920000000,,,,,,,,,,,,
1013,67214,CH4(g) + 5* -> C* + 4H*,,Ru3V,111,-0.99185467,,,,,,,,,,,,
1014,67215,CH4(g) + 5* -> C* + 4H*,,Ru3W,111,-1.007489923,,,,,,,,,,,,
1015,60541,CH4(g) + 5* -> C* + 4H*,,Ru3Y,111,-2.782160595,,,,,,,,,,,,
1016,15118,CH4(g) + 5* -> C* + 4H*,,Ru3Zn,111,-0.561875484,,,,,,,,,,,,
1017,66673,CH4(g) + 5* -> C* + 4H*,,Ru3Zr,111,-2.0443503170000000,,,,,,,,,,,,
1018,62298,CH4(g) + 5* -> C* + 4H*,,Sc12,111,-2.452043787,,,,,,,,,,,,
1019,80542,CH4(g) + 5* -> C* + 4H*,,ScSn3,111,5.690373572,,,,,,,,,,,,
1020,64583,CH4(g) + 5* -> C* + 4H*,,ScTa3,111,-3.509116389,,,,,,,,,,,,
1021,66705,CH4(g) + 5* -> C* + 4H*,,ScTc3,111,-2.029736851,,,,,,,,,,,,
1022,63901,CH4(g) + 5* -> C* + 4H*,,ScTi3,111,-3.257408367,,,,,,,,,,,,
1023,65645,CH4(g) + 5* -> C* + 4H*,,ScV3,111,-3.1123248870000000,,,,,,,,,,,,
1024,66218,CH4(g) + 5* -> C* + 4H*,,ScW3,111,-3.049740745,,,,,,,,,,,,
1025,63687,CH4(g) + 5* -> C* + 4H*,,ScY3,111,-2.3361002980000000,,,,,,,,,,,,
1026,73088,CH4(g) + 5* -> C* + 4H*,,ScZn3,111,2.7669623570000000,,,,,,,,,,,,
1027,64411,CH4(g) + 5* -> C* + 4H*,,ScZr3,111,-2.621739555,,,,,,,,,,,,
1028,4587,CH4(g) + 5* -> C* + 4H*,,Sc3Sn,111,-3.167118274,,,,,,,,,,,,
1029,3039,CH4(g) + 5* -> C* + 4H*,,Sc3Ta,111,-2.929702215,,,,,,,,,,,,
1030,3047,CH4(g) + 5* -> C* + 4H*,,Sc3Tc,111,-3.023654688,,,,,,,,,,,,
1031,3010,CH4(g) + 5* -> C* + 4H*,,Sc3Ti,111,-2.8654057970000000,,,,,,,,,,,,
1032,3675,CH4(g) + 5* -> C* + 4H*,,Sc3Tl,111,-3.2299538490000000,,,,,,,,,,,,
1033,3016,CH4(g) + 5* -> C* + 4H*,,Sc3V,111,-3.236252332,,,,,,,,,,,,
1034,61746,CH4(g) + 5* -> C* + 4H*,,Sc3W,111,-3.160591895,,,,,,,,,,,,
1035,63920,CH4(g) + 5* -> C* + 4H*,,Sc3Y,111,-2.6690770230000000,,,,,,,,,,,,
1036,3739,CH4(g) + 5* -> C* + 4H*,,Sc3Zn,111,-2.9361922660000000,,,,,,,,,,,,
1037,64950,CH4(g) + 5* -> C* + 4H*,,Sc3Zr,111,-2.446948864,,,,,,,,,,,,
1038,1339,CH4(g) + 5* -> C* + 4H*,,SnTa3,111,-3.259621877,,,,,,,,,,,,
1039,13644,CH4(g) + 5* -> C* + 4H*,,SnTc3,111,-0.759625509,,,,,,,,,,,,
1040,9624,CH4(g) + 5* -> C* + 4H*,,SnTi3,111,-3.1586622,,,,,,,,,,,,
1041,19094,CH4(g) + 5* -> C* + 4H*,,SnTl3,111,6.79349872,,,,,,,,,,,,
1042,5342,CH4(g) + 5* -> C* + 4H*,,SnV3,111,-2.495456693,,,,,,,,,,,,
1043,12046,CH4(g) + 5* -> C* + 4H*,,SnW3,111,-1.682787489,,,,,,,,,,,,
1044,61749,CH4(g) + 5* -> C* + 4H*,,SnY3,111,-2.592704056,,,,,,,,,,,,
1045,61077,CH4(g) + 5* -> C* + 4H*,,SnZn3,111,5.173634698,,,,,,,,,,,,
1046,59870,CH4(g) + 5* -> C* + 4H*,,SnZr3,111,-2.956109095,,,,,,,,,,,,
1047,59222,CH4(g) + 5* -> C* + 4H*,,Sn3Ta,111,6.305000909000000,,,,,,,,,,,,
1048,80098,CH4(g) + 5* -> C* + 4H*,,Sn3Tc,111,2.451920519,,,,,,,,,,,,
1049,82700,CH4(g) + 5* -> C* + 4H*,,Sn3Ti,111,3.95027333,,,,,,,,,,,,
1050,78973,CH4(g) + 5* -> C* + 4H*,,Sn3Tl,111,6.691095616,,,,,,,,,,,,
1051,79796,CH4(g) + 5* -> C* + 4H*,,Sn3V,111,3.3143283230000000,,,,,,,,,,,,
1052,78963,CH4(g) + 5* -> C* + 4H*,,Sn3Y,111,6.109831476,,,,,,,,,,,,
1053,79013,CH4(g) + 5* -> C* + 4H*,,Sn3Zn,111,6.095824961,,,,,,,,,,,,
1054,81230,CH4(g) + 5* -> C* + 4H*,,Sn3Zr,111,3.885869563,,,,,,,,,,,,
1055,62645,CH4(g) + 5* -> C* + 4H*,,Ta12,111,-3.639270343,,,,,,,,,,,,
1056,69013,CH4(g) + 5* -> C* + 4H*,,TaTc3,111,-2.048330526,,,,,,,,,,,,
1057,63902,CH4(g) + 5* -> C* + 4H*,,TaTi3,111,-3.04211421,,,,,,,,,,,,
1058,78911,CH4(g) + 5* -> C* + 4H*,,TaTl3,111,0.354303511,,,,,,,,,,,,
1059,67563,CH4(g) + 5* -> C* + 4H*,,TaV3,111,-3.390721154,,,,,,,,,,,,
1060,66027,CH4(g) + 5* -> C* + 4H*,,TaW3,111,-4.382811747,,,,,,,,,,,,
1061,87693,CH4(g) + 5* -> C* + 4H*,,TaY3,111,-3.0905693860000000,,,,,,,,,,,,
1062,73090,CH4(g) + 5* -> C* + 4H*,,TaZn3,111,0.234107562,,,,,,,,,,,,
1063,5453,CH4(g) + 5* -> C* + 4H*,,TaZr3,111,-3.233573507,,,,,,,,,,,,
1064,64585,CH4(g) + 5* -> C* + 4H*,,Ta3Ti,111,-3.461515651,,,,,,,,,,,,
1065,1354,CH4(g) + 5* -> C* + 4H*,,Ta3Tl,111,-3.4632541860000000,,,,,,,,,,,,
1066,10145,CH4(g) + 5* -> C* + 4H*,,Ta3V,111,-3.796144107,,,,,,,,,,,,
1067,11733,CH4(g) + 5* -> C* + 4H*,,Ta3W,111,-4.361041687,,,,,,,,,,,,
1068,64167,CH4(g) + 5* -> C* + 4H*,,Ta3Y,111,-3.331374214,,,,,,,,,,,,
1069,10381,CH4(g) + 5* -> C* + 4H*,,Ta3Zn,111,-3.543772535,,,,,,,,,,,,
1070,64584,CH4(g) + 5* -> C* + 4H*,,Ta3Zr,111,-3.454449943,,,,,,,,,,,,
1071,64070,CH4(g) + 5* -> C* + 4H*,,Tc12,111,-0.841620892,,,,,,,,,,,,
1072,7820,CH4(g) + 5* -> C* + 4H*,,TcTi3,111,-3.1850564270000000,,,,,,,,,,,,
1073,4802,CH4(g) + 5* -> C* + 4H*,,TcV3,111,-3.947993697,,,,,,,,,,,,
1074,10958,CH4(g) + 5* -> C* + 4H*,,TcW3,111,-2.698125311,,,,,,,,,,,,
1075,59226,CH4(g) + 5* -> C* + 4H*,,TcY3,111,-3.259196835,,,,,,,,,,,,
1076,72508,CH4(g) + 5* -> C* + 4H*,,TcZn3,111,0.7480506030000000,,,,,,,,,,,,
1077,5336,CH4(g) + 5* -> C* + 4H*,,TcZr3,111,-3.401897822,,,,,,,,,,,,
1078,68413,CH4(g) + 5* -> C* + 4H*,,Tc3Ti,111,-1.703380521,,,,,,,,,,,,
1079,15081,CH4(g) + 5* -> C* + 4H*,,Tc3Tl,111,-0.296342991,,,,,,,,,,,,
1080,60540,CH4(g) + 5* -> C* + 4H*,,Tc3V,111,-1.440166165,,,,,,,,,,,,
1081,66315,CH4(g) + 5* -> C* + 4H*,,Tc3W,111,-1.362464466,,,,,,,,,,,,
1082,65877,CH4(g) + 5* -> C* + 4H*,,Tc3Y,111,-3.107333095,,,,,,,,,,,,
1083,13638,CH4(g) + 5* -> C* + 4H*,,Tc3Zn,111,-0.98426351,,,,,,,,,,,,
1084,67358,CH4(g) + 5* -> C* + 4H*,,Tc3Zr,111,-2.29167717,,,,,,,,,,,,
1085,59289,CH4(g) + 5* -> C* + 4H*,,Ti12,111,-2.753284827,,,,,,,,,,,,
1086,78682,CH4(g) + 5* -> C* + 4H*,,TiTl3,111,2.8385733320000000,,,,,,,,,,,,
1087,66952,CH4(g) + 5* -> C* + 4H*,,TiV3,111,-3.145414202,,,,,,,,,,,,
1088,87678,CH4(g) + 5* -> C* + 4H*,,TiY3,111,-2.840958273,,,,,,,,,,,,
1089,72503,CH4(g) + 5* -> C* + 4H*,,TiZn3,111,1.745510001,,,,,,,,,,,,
1090,4626,CH4(g) + 5* -> C* + 4H*,,TiZr3,111,-2.942923954,,,,,,,,,,,,
1091,9603,CH4(g) + 5* -> C* + 4H*,,Ti3Tl,111,-3.4636637180000000,,,,,,,,,,,,
1092,7793,CH4(g) + 5* -> C* + 4H*,,Ti3V,111,-3.1548644440000000,,,,,,,,,,,,
1093,7894,CH4(g) + 5* -> C* + 4H*,,Ti3W,111,-3.2595503110000000,,,,,,,,,,,,
1094,63900,CH4(g) + 5* -> C* + 4H*,,Ti3Y,111,-3.342420676,,,,,,,,,,,,
1095,8894,CH4(g) + 5* -> C* + 4H*,,Ti3Zn,111,-3.0798893260000000,,,,,,,,,,,,
1096,64404,CH4(g) + 5* -> C* + 4H*,,Ti3Zr,111,-3.165411848,,,,,,,,,,,,
1097,5563,CH4(g) + 5* -> C* + 4H*,,TlV3,111,-2.65205222,,,,,,,,,,,,
1098,12014,CH4(g) + 5* -> C* + 4H*,,TlW3,111,-2.173683711,,,,,,,,,,,,
1099,60532,CH4(g) + 5* -> C* + 4H*,,TlZn3,111,5.170221439,,,,,,,,,,,,
1100,7567,CH4(g) + 5* -> C* + 4H*,,TlZr3,111,-3.4735681170000000,,,,,,,,,,,,
1101,80047,CH4(g) + 5* -> C* + 4H*,,Tl3V,111,6.865388475,,,,,,,,,,,,
1102,80645,CH4(g) + 5* -> C* + 4H*,,Tl3W,111,-0.36120867100000000,,,,,,,,,,,,
1103,83441,CH4(g) + 5* -> C* + 4H*,,Tl3Zn,111,7.722237401,,,,,,,,,,,,
1104,62819,CH4(g) + 5* -> C* + 4H*,,V12,111,-3.09936152,,,,,,,,,,,,
1105,65310,CH4(g) + 5* -> C* + 4H*,,VW3,111,-4.777113815,,,,,,,,,,,,
1106,87667,CH4(g) + 5* -> C* + 4H*,,VY3,111,-1.7238479710000000,,,,,,,,,,,,
1107,72505,CH4(g) + 5* -> C* + 4H*,,VZn3,111,1.000837147,,,,,,,,,,,,
1108,5364,CH4(g) + 5* -> C* + 4H*,,VZr3,111,-2.525077781,,,,,,,,,,,,
1109,4197,CH4(g) + 5* -> C* + 4H*,,V3W,111,-1.097405723,,,,,,,,,,,,
1110,64612,CH4(g) + 5* -> C* + 4H*,,V3Y,111,-2.7844003640000000,,,,,,,,,,,,
1111,10747,CH4(g) + 5* -> C* + 4H*,,V3Zn,111,-3.195108856,,,,,,,,,,,,
1112,66153,CH4(g) + 5* -> C* + 4H*,,V3Zr,111,-3.2083146770000000,,,,,,,,,,,,
1113,63399,CH4(g) + 5* -> C* + 4H*,,W12,111,-2.95665822,,,,,,,,,,,,
1114,87684,CH4(g) + 5* -> C* + 4H*,,WY3,111,-3.3592960880000000,,,,,,,,,,,,
1115,72507,CH4(g) + 5* -> C* + 4H*,,WZn3,111,-0.305244515,,,,,,,,,,,,
1116,45802,CH4(g) + 5* -> C* + 4H*,,WZr3,111,-3.300348067,,,,,,,,,,,,
1117,65307,CH4(g) + 5* -> C* + 4H*,,W3Y,111,-2.920566809,,,,,,,,,,,,
1118,12791,CH4(g) + 5* -> C* + 4H*,,W3Zn,111,-2.808379444,,,,,,,,,,,,
1119,65308,CH4(g) + 5* -> C* + 4H*,,W3Zr,111,-2.8202206140000000,,,,,,,,,,,,
1120,61751,CH4(g) + 5* -> C* + 4H*,,Y12,111,-2.084006963,,,,,,,,,,,,
1121,72501,CH4(g) + 5* -> C* + 4H*,,YZn3,111,2.1206080430000000,,,,,,,,,,,,
1122,44633,CH4(g) + 5* -> C* + 4H*,,YZr3,111,-2.84985694,,,,,,,,,,,,
1123,88555,CH4(g) + 5* -> C* + 4H*,,Y3Zn,111,-2.387823696,,,,,,,,,,,,
1124,63036,CH4(g) + 5* -> C* + 4H*,,Y3Zr,111,-2.4767483220000000,,,,,,,,,,,,
1125,62688,CH4(g) + 5* -> C* + 4H*,,Zn12,111,6.700048297,,,,,,,,,,,,
1126,43511,CH4(g) + 5* -> C* + 4H*,,ZnZr3,111,-2.8511225420000000,,,,,,,,,,,,
1127,72502,CH4(g) + 5* -> C* + 4H*,,Zn3Zr,111,1.606872354,,,,,,,,,,,,
1128,62414,CH4(g) + 5* -> C* + 4H*,,Zr12,111,-2.707172552,,,,,,,,,,,,