#,Equation,activationEnergy,chemicalComposition,facet,reactionEnergy,,,,,,,868,CH4(g) + 5* -> C* + 4H*,,Co6La6,101,-1.537149169
62355,CH4(g) + 5* -> C* + 4H*,,Ag12,111,6.961600037,,,,,,,1260,CH4(g) + 5* -> C* + 4H*,,Cd6La6,101,-0.084979111
76711,CH4(g) + 5* -> C* + 4H*,,Ag3Al9,111,3.83291172,,,,,,,1262,CH4(g) + 5* -> C* + 4H*,,Hg6La6,101,0.493977503
63665,CH4(g) + 5* -> C* + 4H*,,Ag3Au9,111,5.951248021,,,,,,,3260,CH4(g) + 5* -> C* + 4H*,,Nb6Os6,101,-1.03958956
59637,CH4(g) + 5* -> C* + 4H*,,Ag3Bi9,111,6.576975698,,,,,,,3459,CH4(g) + 5* -> C* + 4H*,,Os6Sc6,101,-3.567515012
73933,CH4(g) + 5* -> C* + 4H*,,Ag3Cd9,111,8.681552834,,,,,,,3665,CH4(g) + 5* -> C* + 4H*,,Pd6Sc6,101,0.751122904
17241,CH4(g) + 5* -> C* + 4H*,,Ag3Co9,111,0.47687923,,,,,,,4440,CH4(g) + 5* -> C* + 4H*,,In6Sc6,101,0.628095067
7760,CH4(g) + 5* -> C* + 4H*,,Ag3Cr9,111,-2.32065879,,,,,,,4517,CH4(g) + 5* -> C* + 4H*,,Rh6Sc6,101,-0.195531481
71920,CH4(g) + 5* -> C* + 4H*,,Ag3Cu9,111,3.630959578,,,,,,,4583,CH4(g) + 5* -> C* + 4H*,,Nb6Tl6,101,1.662874335
76458,CH4(g) + 5* -> C* + 4H*,,Ag3Ga9,111,6.255115912,,,,,,,5325,CH4(g) + 5* -> C* + 4H*,,Ru6V6,101,-0.92297531
9093,CH4(g) + 5* -> C* + 4H*,,Ag3Hf9,111,-3.348442419,,,,,,,5515,CH4(g) + 5* -> C* + 4H*,,Fe6Zr6,101,-2.404449716
74580,CH4(g) + 5* -> C* + 4H*,,Ag3Hg9,111,9.448928689,,,,,,,6976,CH4(g) + 5* -> C* + 4H*,,In6Zr6,101,-0.177875238
78073,CH4(g) + 5* -> C* + 4H*,,Ag3In9,111,7.1417345,,,,,,,7973,CH4(g) + 5* -> C* + 4H*,,Cu6Hf6,101,-3.014987046
16762,CH4(g) + 5* -> C* + 4H*,,Ag3Ir9,111,-0.575593695,,,,,,,8362,CH4(g) + 5* -> C* + 4H*,,Hf6Sn6,101,0.74750964
872,CH4(g) + 5* -> C* + 4H*,,Ag3La9,111,-1.260776068,,,,,,,9455,CH4(g) + 5* -> C* + 4H*,,Hf6Zn6,101,-2.037320528
10300,CH4(g) + 5* -> C* + 4H*,,Ag3Mo9,111,-2.630615364,,,,,,,11088,CH4(g) + 5* -> C* + 4H*,,Ta6Zn6,101,-1.70752699
3690,CH4(g) + 5* -> C* + 4H*,,Ag3Nb9,111,-3.351148999,,,,,,,11667,CH4(g) + 5* -> C* + 4H*,,Hf6Hg6,101,0.86835975
16996,CH4(g) + 5* -> C* + 4H*,,Ag3Ni9,111,0.428657529,,,,,,,12010,CH4(g) + 5* -> C* + 4H*,,Pt6W6,101,-0.771539197
14417,CH4(g) + 5* -> C* + 4H*,,Ag3Os9,111,-0.776875757,,,,,,,12065,CH4(g) + 5* -> C* + 4H*,,Re6Ru6,101,-0.812810022
79792,CH4(g) + 5* -> C* + 4H*,,Ag3Pb9,111,7.997918108,,,,,,,13339,CH4(g) + 5* -> C* + 4H*,,Ni6Re6,101,-0.600190746
61142,CH4(g) + 5* -> C* + 4H*,,Ag3Pd9,111,1.269558951,,,,,,,13578,CH4(g) + 5* -> C* + 4H*,,Tc6Tl6,101,-0.270403195
15812,CH4(g) + 5* -> C* + 4H*,,Ag3Pt9,111,0.502768413,,,,,,,14386,CH4(g) + 5* -> C* + 4H*,,In6Tc6,101,-0.788828358
12640,CH4(g) + 5* -> C* + 4H*,,Ag3Re9,111,-1.664919814,,,,,,,14638,CH4(g) + 5* -> C* + 4H*,,Co6Ru6,101,0.071848394
16208,CH4(g) + 5* -> C* + 4H*,,Ag3Rh9,111,-0.568198049,,,,,,,15587,CH4(g) + 5* -> C* + 4H*,,Mn6Tl6,101,9.630919377
14661,CH4(g) + 5* -> C* + 4H*,,Ag3Ru9,111,-0.700445511,,,,,,,15649,CH4(g) + 5* -> C* + 4H*,,Fe6Ni6,101,1.878708364
5288,CH4(g) + 5* -> C* + 4H*,,Ag3Sc9,111,-3.318424861,,,,,,,15654,CH4(g) + 5* -> C* + 4H*,,Mn6Zn6,101,1.638587766
79799,CH4(g) + 5* -> C* + 4H*,,Ag3Sn9,111,7.437163869,,,,,,,15813,CH4(g) + 5* -> C* + 4H*,,Ag6Pt6,101,1.13504138
9705,CH4(g) + 5* -> C* + 4H*,,Ag3Ta9,111,-3.679017603,,,,,,,17094,CH4(g) + 5* -> C* + 4H*,,Ag6Bi6,101,7.506389902
12804,CH4(g) + 5* -> C* + 4H*,,Ag3Tc9,111,-1.44537728,,,,,,,17290,CH4(g) + 5* -> C* + 4H*,,Ag6Ni6,101,1.37849442
8992,CH4(g) + 5* -> C* + 4H*,,Ag3Ti9,111,-3.37649994,,,,,,,17877,CH4(g) + 5* -> C* + 4H*,,Cd6Zn6,101,5.946072552
82751,CH4(g) + 5* -> C* + 4H*,,Ag3Tl9,111,8.455391132,,,,,,,17916,CH4(g) + 5* -> C* + 4H*,,In6Zn6,101,5.767657032
9327,CH4(g) + 5* -> C* + 4H*,,Ag3V9,111,-3.189948217,,,,,,,19734,CH4(g) + 5* -> C* + 4H*,,Co6In6,101,1.384585144
11421,CH4(g) + 5* -> C* + 4H*,,Ag3W9,111,-3.335391295,,,,,,,43816,CH4(g) + 5* -> C* + 4H*,,Hg6Ta6,101,-1.281782033
87745,CH4(g) + 5* -> C* + 4H*,,Ag3Y9,111,-2.689810328,,,,,,,43817,CH4(g) + 5* -> C* + 4H*,,Nb6Rh6,101,-1.286141296
75585,CH4(g) + 5* -> C* + 4H*,,Ag3Zn9,111,6.618072235,,,,,,,43818,CH4(g) + 5* -> C* + 4H*,,Nb6Tc6,101,-2.025371465
5694,CH4(g) + 5* -> C* + 4H*,,Ag3Zr9,111,-3.056262633,,,,,,,44318,CH4(g) + 5* -> C* + 4H*,,Cu6Sc6,101,-1.458476841
59218,CH4(g) + 5* -> C* + 4H*,,Ag9Al3,111,5.554277877,,,,,,,44319,CH4(g) + 5* -> C* + 4H*,,Cu6Fe6,101,0.811318159
72019,CH4(g) + 5* -> C* + 4H*,,Ag9Au3,111,6.631745411,,,,,,,44362,CH4(g) + 5* -> C* + 4H*,,Ag6Cu6,101,4.342100795
62072,CH4(g) + 5* -> C* + 4H*,,Ag9Bi3,111,7.014728495,,,,,,,44363,CH4(g) + 5* -> C* + 4H*,,Al6Sn6,101,4.220104814
73022,CH4(g) + 5* -> C* + 4H*,,Ag9Co3,111,2.843287295,,,,,,,44364,CH4(g) + 5* -> C* + 4H*,,In6Nb6,101,-0.152736409
69895,CH4(g) + 5* -> C* + 4H*,,Ag9Cr3,111,0.935519078,,,,,,,44365,CH4(g) + 5* -> C* + 4H*,,In6Ni6,101,2.90132945
63564,CH4(g) + 5* -> C* + 4H*,,Ag9Cu3,111,5.637338585,,,,,,,44366,CH4(g) + 5* -> C* + 4H*,,Cd6Mo6,101,-0.667828314
44630,CH4(g) + 5* -> C* + 4H*,,Ag9Fe3,111,3.297362025,,,,,,,44367,CH4(g) + 5* -> C* + 4H*,,Hf6Re6,101,-3.686771214
63566,CH4(g) + 5* -> C* + 4H*,,Ag9Ga3,111,6.200881039,,,,,,,44368,CH4(g) + 5* -> C* + 4H*,,Fe6In6,101,2.365844109
72077,CH4(g) + 5* -> C* + 4H*,,Ag9Hf3,111,2.155888418,,,,,,,44389,CH4(g) + 5* -> C* + 4H*,,In6Y6,101,1.009422611
59866,CH4(g) + 5* -> C* + 4H*,,Ag9Hg3,111,10.68729877,,,,,,,44645,CH4(g) + 5* -> C* + 4H*,,In6Mn6,101,4.355998738
71313,CH4(g) + 5* -> C* + 4H*,,Ag9Ir3,111,-0.002927128,,,,,,,44738,CH4(g) + 5* -> C* + 4H*,,Ga6Pb6,101,6.766712242
44632,CH4(g) + 5* -> C* + 4H*,,Ag9La3,111,3.853374545,,,,,,,44927,CH4(g) + 5* -> C* + 4H*,,Hg6Y6,101,-0.327992143
70062,CH4(g) + 5* -> C* + 4H*,,Ag9Mo3,111,0.088667614,,,,,,,44928,CH4(g) + 5* -> C* + 4H*,,Au6Tl6,101,5.852628796
73517,CH4(g) + 5* -> C* + 4H*,,Ag9Nb3,111,0.951185216,,,,,,,44931,CH4(g) + 5* -> C* + 4H*,,Al6Ga6,101,3.971940531
72410,CH4(g) + 5* -> C* + 4H*,,Ag9Ni3,111,3.714715129,,,,,,,44954,CH4(g) + 5* -> C* + 4H*,,Fe6Tc6,101,-0.198986374
59214,CH4(g) + 5* -> C* + 4H*,,Ag9Os3,111,-1.020931394,,,,,,,44955,CH4(g) + 5* -> C* + 4H*,,Ga6Ti6,101,0.391038742
63606,CH4(g) + 5* -> C* + 4H*,,Ag9Pb3,111,7.089705654,,,,,,,44956,CH4(g) + 5* -> C* + 4H*,,Co6V6,101,-1.469422212
71464,CH4(g) + 5* -> C* + 4H*,,Ag9Pd3,111,5.242186705,,,,,,,44957,CH4(g) + 5* -> C* + 4H*,,Sc6Zn6,101,-1.396200595
70708,CH4(g) + 5* -> C* + 4H*,,Ag9Pt3,111,2.977722824,,,,,,,44958,CH4(g) + 5* -> C* + 4H*,,Cu6Ir6,101,0.233868647
71312,CH4(g) + 5* -> C* + 4H*,,Ag9Re3,111,-1.242804039,,,,,,,44959,CH4(g) + 5* -> C* + 4H*,,Ag6Nb6,101,-0.54187743
71849,CH4(g) + 5* -> C* + 4H*,,Ag9Rh3,111,1.779707772,,,,,,,44960,CH4(g) + 5* -> C* + 4H*,,Re6Rh6,101,-0.552494768
70661,CH4(g) + 5* -> C* + 4H*,,Ag9Ru3,111,0.235293707,,,,,,,44961,CH4(g) + 5* -> C* + 4H*,,Pd6Tc6,101,-0.594060973
70727,CH4(g) + 5* -> C* + 4H*,,Ag9Sc3,111,3.832084902,,,,,,,44962,CH4(g) + 5* -> C* + 4H*,,Pd6Y6,101,0.223735944
64189,CH4(g) + 5* -> C* + 4H*,,Ag9Sn3,111,6.832497259,,,,,,,45051,CH4(g) + 5* -> C* + 4H*,,Cu6Nb6,101,-0.643049084
73250,CH4(g) + 5* -> C* + 4H*,,Ag9Ta3,111,0.45962939,,,,,,,45147,CH4(g) + 5* -> C* + 4H*,,Al6Pb6,101,4.653901077
70660,CH4(g) + 5* -> C* + 4H*,,Ag9Tc3,111,-0.212398865,,,,,,,45254,CH4(g) + 5* -> C* + 4H*,,Pb6Zr6,101,0.402377183
72689,CH4(g) + 5* -> C* + 4H*,,Ag9Ti3,111,2.378406381,,,,,,,45436,CH4(g) + 5* -> C* + 4H*,,Bi6Pb6,101,7.610801886
73724,CH4(g) + 5* -> C* + 4H*,,Ag9V3,111,1.466947473,,,,,,,45520,CH4(g) + 5* -> C* + 4H*,,Ag6Al6,101,4.944198106
70659,CH4(g) + 5* -> C* + 4H*,,Ag9W3,111,-0.635212477,,,,,,,45521,CH4(g) + 5* -> C* + 4H*,,Ir6Ru6,101,0.709157916
69894,CH4(g) + 5* -> C* + 4H*,,Ag9Y3,111,3.953999113,,,,,,,45546,CH4(g) + 5* -> C* + 4H*,,Ni6Pd6,101,1.15044384
63565,CH4(g) + 5* -> C* + 4H*,,Ag9Zn3,111,6.797049942,,,,,,,45547,CH4(g) + 5* -> C* + 4H*,,Pd6Re6,101,-0.785429384
71440,CH4(g) + 5* -> C* + 4H*,,Ag9Zr3,111,2.288710176,,,,,,,45548,CH4(g) + 5* -> C* + 4H*,,Rh6Sn6,101,4.891392783
62838,CH4(g) + 5* -> C* + 4H*,,Al12,111,3.997197865,,,,,,,45549,CH4(g) + 5* -> C* + 4H*,,Cd6Sn6,101,6.91745773
17437,CH4(g) + 5* -> C* + 4H*,,Al3Au9,111,7.530282449,,,,,,,45656,CH4(g) + 5* -> C* + 4H*,,Mn6Nb6,101,-2.195589828
71923,CH4(g) + 5* -> C* + 4H*,,Al3Cd9,111,5.006075568,,,,,,,45657,CH4(g) + 5* -> C* + 4H*,,Cr6Pt6,101,0.139692496
7016,CH4(g) + 5* -> C* + 4H*,,Al3Cr9,111,-2.279165512,,,,,,,45658,CH4(g) + 5* -> C* + 4H*,,Ag6W6,101,-1.327602874
16421,CH4(g) + 5* -> C* + 4H*,,Al3Cu9,111,3.956258338,,,,,,,45659,CH4(g) + 5* -> C* + 4H*,,Cd6In6,101,7.106008674
16898,CH4(g) + 5* -> C* + 4H*,,Al3Fe9,111,-0.307480066,,,,,,,45660,CH4(g) + 5* -> C* + 4H*,,Pd6W6,101,-1.017233503
78302,CH4(g) + 5* -> C* + 4H*,,Al3Ga9,111,4.443055029,,,,,,,45661,CH4(g) + 5* -> C* + 4H*,,Hf6Ru6,101,-1.592532091
12298,CH4(g) + 5* -> C* + 4H*,,Al3Hf9,111,-2.845427471,,,,,,,45662,CH4(g) + 5* -> C* + 4H*,,Cd6Nb6,101,-1.003023582
76826,CH4(g) + 5* -> C* + 4H*,,Al3In9,111,4.545610653,,,,,,,45685,CH4(g) + 5* -> C* + 4H*,,Ag6V6,101,-0.534675937
61148,CH4(g) + 5* -> C* + 4H*,,Al3Ir9,111,0.139599842,,,,,,,45731,CH4(g) + 5* -> C* + 4H*,,Cr6Fe6,101,-1.044931835
1263,CH4(g) + 5* -> C* + 4H*,,Al3La9,111,-0.765751335,,,,,,,45984,CH4(g) + 5* -> C* + 4H*,,Bi6Zr6,101,1.781895159
10829,CH4(g) + 5* -> C* + 4H*,,Al3Mo9,111,-2.103018332,,,,,,,46075,CH4(g) + 5* -> C* + 4H*,,Cd6Pd6,101,4.203932681
60534,CH4(g) + 5* -> C* + 4H*,,Al3Nb9,111,-2.726920941,,,,,,,46076,CH4(g) + 5* -> C* + 4H*,,Ir6Zn6,101,-0.247387398
60537,CH4(g) + 5* -> C* + 4H*,,Al3Os9,111,-0.26781512,,,,,,,46077,CH4(g) + 5* -> C* + 4H*,,Cu6Zr6,101,-2.513940569
81162,CH4(g) + 5* -> C* + 4H*,,Al3Pb9,111,5.843699108,,,,,,,46094,CH4(g) + 5* -> C* + 4H*,,Pb6Y6,101,0.956082857
17709,CH4(g) + 5* -> C* + 4H*,,Al3Pd9,111,2.289314813,,,,,,,46095,CH4(g) + 5* -> C* + 4H*,,Ag6Cd6,101,7.569756371
15816,CH4(g) + 5* -> C* + 4H*,,Al3Pt9,111,1.381720602,,,,,,,46201,CH4(g) + 5* -> C* + 4H*,,Al6Ni6,101,2.100162361
12709,CH4(g) + 5* -> C* + 4H*,,Al3Re9,111,-0.914055691,,,,,,,46202,CH4(g) + 5* -> C* + 4H*,,Al6V6,101,-0.559986198
45803,CH4(g) + 5* -> C* + 4H*,,Al3Rh9,111,0.187886578,,,,,,,46203,CH4(g) + 5* -> C* + 4H*,,Sc6Zr6,101,-2.576235182
15120,CH4(g) + 5* -> C* + 4H*,,Al3Ru9,111,-0.481651154,,,,,,,46204,CH4(g) + 5* -> C* + 4H*,,Al6Rh6,101,2.494460348
3723,CH4(g) + 5* -> C* + 4H*,,Al3Sc9,111,-2.639868459,,,,,,,46224,CH4(g) + 5* -> C* + 4H*,,Y6Zr6,101,-2.709273135
59867,CH4(g) + 5* -> C* + 4H*,,Al3Sn9,111,5.512496702,,,,,,,46225,CH4(g) + 5* -> C* + 4H*,,Ga6Re6,101,1.685263317
13166,CH4(g) + 5* -> C* + 4H*,,Al3Ta9,111,-3.124931513,,,,,,,46226,CH4(g) + 5* -> C* + 4H*,,Mo6Ta6,101,-2.245514281
13601,CH4(g) + 5* -> C* + 4H*,,Al3Tc9,111,-0.768034099,,,,,,,46227,CH4(g) + 5* -> C* + 4H*,,Ag6Ta6,101,-1.241516532
8897,CH4(g) + 5* -> C* + 4H*,,Al3Ti9,111,-2.885717734,,,,,,,46228,CH4(g) + 5* -> C* + 4H*,,Ru6Zr6,101,-1.911791013
59219,CH4(g) + 5* -> C* + 4H*,,Al3Tl9,111,4.674602137,,,,,,,46229,CH4(g) + 5* -> C* + 4H*,,In6Os6,101,-1.302636157
4841,CH4(g) + 5* -> C* + 4H*,,Al3V9,111,-2.893210253,,,,,,,46231,CH4(g) + 5* -> C* + 4H*,,Tc6W6,101,-1.172629281
11457,CH4(g) + 5* -> C* + 4H*,,Al3W9,111,-2.344469159,,,,,,,46252,CH4(g) + 5* -> C* + 4H*,,Au6Rh6,101,1.013312207
88443,CH4(g) + 5* -> C* + 4H*,,Al3Y9,111,-2.228724178,,,,,,,46549,CH4(g) + 5* -> C* + 4H*,,Bi6Re6,101,-1.673983518
17840,CH4(g) + 5* -> C* + 4H*,,Al3Zn9,111,5.364272076,,,,,,,46641,CH4(g) + 5* -> C* + 4H*,,Mn6Ru6,101,0.67471361
6547,CH4(g) + 5* -> C* + 4H*,,Al3Zr9,111,-2.771578632,,,,,,,46662,CH4(g) + 5* -> C* + 4H*,,Mo6Pt6,101,-0.121922918
76235,CH4(g) + 5* -> C* + 4H*,,Al9Au3,111,3.91271509,,,,,,,46663,CH4(g) + 5* -> C* + 4H*,,Ni6Zr6,101,-2.014238744
63353,CH4(g) + 5* -> C* + 4H*,,Al9Bi3,111,3.434770126,,,,,,,46679,CH4(g) + 5* -> C* + 4H*,,Ag6Hg6,101,9.06048496
75460,CH4(g) + 5* -> C* + 4H*,,Al9Cd3,111,3.912751009,,,,,,,46738,CH4(g) + 5* -> C* + 4H*,,Ag6Pd6,101,2.573795954
76710,CH4(g) + 5* -> C* + 4H*,,Al9Cr3,111,2.944453098,,,,,,,46739,CH4(g) + 5* -> C* + 4H*,,Hf6V6,101,-4.077824243
75459,CH4(g) + 5* -> C* + 4H*,,Al9Cu3,111,4.300689014,,,,,,,46740,CH4(g) + 5* -> C* + 4H*,,Cd6Pb6,101,7.795157788
75457,CH4(g) + 5* -> C* + 4H*,,Al9Fe3,111,4.495861849,,,,,,,46741,CH4(g) + 5* -> C* + 4H*,,Cd6Ta6,101,-1.865406079
71924,CH4(g) + 5* -> C* + 4H*,,Al9Ga3,111,3.742825441,,,,,,,46756,CH4(g) + 5* -> C* + 4H*,,Au6Fe6,101,2.326369371
75450,CH4(g) + 5* -> C* + 4H*,,Al9Hf3,111,2.045498093,,,,,,,46774,CH4(g) + 5* -> C* + 4H*,,Ti6Y6,101,-3.234254608
75461,CH4(g) + 5* -> C* + 4H*,,Al9Hg3,111,3.869906277,,,,,,,46784,CH4(g) + 5* -> C* + 4H*,,Pb6Sn6,101,6.68623988
71925,CH4(g) + 5* -> C* + 4H*,,Al9In3,111,3.907820714,,,,,,,46858,CH4(g) + 5* -> C* + 4H*,,Al6La6,101,-1.073638756
75456,CH4(g) + 5* -> C* + 4H*,,Al9Ir3,111,3.599732202,,,,,,,46944,CH4(g) + 5* -> C* + 4H*,,Ga6Ta6,101,-0.108284301
74585,CH4(g) + 5* -> C* + 4H*,,Al9La3,111,0.83952439,,,,,,,47033,CH4(g) + 5* -> C* + 4H*,,Ti6Tl6,101,0.15943694
44098,CH4(g) + 5* -> C* + 4H*,,Al9Mn3,111,3.794410197,,,,,,,47044,CH4(g) + 5* -> C* + 4H*,,Ga6Zn6,101,5.725122509
75452,CH4(g) + 5* -> C* + 4H*,,Al9Mo3,111,3.580189666,,,,,,,47089,CH4(g) + 5* -> C* + 4H*,,Au6Cd6,101,6.639104049
76012,CH4(g) + 5* -> C* + 4H*,,Al9Nb3,111,2.95760953,,,,,,,47098,CH4(g) + 5* -> C* + 4H*,,Ta6Zr6,101,-3.13231505
59900,CH4(g) + 5* -> C* + 4H*,,Al9Ni3,111,5.737282869,,,,,,,47116,CH4(g) + 5* -> C* + 4H*,,Zn6Zr6,101,-1.893215842
75455,CH4(g) + 5* -> C* + 4H*,,Al9Os3,111,2.196252969,,,,,,,47161,CH4(g) + 5* -> C* + 4H*,,Os6Ru6,101,0.057237786
71949,CH4(g) + 5* -> C* + 4H*,,Al9Pb3,111,3.01597237,,,,,,,47216,CH4(g) + 5* -> C* + 4H*,,Co6Ni6,101,1.228813577
76013,CH4(g) + 5* -> C* + 4H*,,Al9Pd3,111,4.468451686,,,,,,,47283,CH4(g) + 5* -> C* + 4H*,,Mn6Ta6,101,-2.473694117
75458,CH4(g) + 5* -> C* + 4H*,,Al9Pt3,111,4.960745349,,,,,,,47293,CH4(g) + 5* -> C* + 4H*,,Mo6Ru6,101,-1.287537785
44634,CH4(g) + 5* -> C* + 4H*,,Al9Re3,111,2.478391345,,,,,,,47380,CH4(g) + 5* -> C* + 4H*,,Fe6Pt6,101,3.003677859
60528,CH4(g) + 5* -> C* + 4H*,,Al9Rh3,111,5.173245712,,,,,,,47439,CH4(g) + 5* -> C* + 4H*,,Bi6Ti6,101,1.738827974
60536,CH4(g) + 5* -> C* + 4H*,,Al9Ru3,111,3.782410385,,,,,,,47446,CH4(g) + 5* -> C* + 4H*,,Mo6Sc6,101,-2.450103616
74586,CH4(g) + 5* -> C* + 4H*,,Al9Sc3,111,1.611648088,,,,,,,47447,CH4(g) + 5* -> C* + 4H*,,Mo6Os6,101,-1.367970417
72500,CH4(g) + 5* -> C* + 4H*,,Al9Sn3,111,3.512379714,,,,,,,47448,CH4(g) + 5* -> C* + 4H*,,Cr6Zn6,101,-0.488618221
75451,CH4(g) + 5* -> C* + 4H*,,Al9Ta3,111,2.56704685,,,,,,,47449,CH4(g) + 5* -> C* + 4H*,,Ir6Re6,101,0.07502437
75454,CH4(g) + 5* -> C* + 4H*,,Al9Tc3,111,3.856938692,,,,,,,47450,CH4(g) + 5* -> C* + 4H*,,La6Pd6,101,0.652661641
43512,CH4(g) + 5* -> C* + 4H*,,Al9Ti3,111,2.138150542,,,,,,,47451,CH4(g) + 5* -> C* + 4H*,,Pd6Pt6,101,0.836580527
71927,CH4(g) + 5* -> C* + 4H*,,Al9Tl3,111,4.363799561,,,,,,,47452,CH4(g) + 5* -> C* + 4H*,,Ag6Co6,101,1.418704546
76234,CH4(g) + 5* -> C* + 4H*,,Al9V3,111,2.605638579,,,,,,,47453,CH4(g) + 5* -> C* + 4H*,,Pd6Ru6,101,-0.019534372
75453,CH4(g) + 5* -> C* + 4H*,,Al9W3,111,2.622445418,,,,,,,47454,CH4(g) + 5* -> C* + 4H*,,Cr6Ru6,101,-0.94065958
74584,CH4(g) + 5* -> C* + 4H*,,Al9Y3,111,0.850281867,,,,,,,47455,CH4(g) + 5* -> C* + 4H*,,Mn6Sn6,101,6.397136206
59599,CH4(g) + 5* -> C* + 4H*,,Al9Zn3,111,4.057169306,,,,,,,47456,CH4(g) + 5* -> C* + 4H*,,Pb6Ti6,101,0.757767516
75156,CH4(g) + 5* -> C* + 4H*,,Al9Zr3,111,2.163378352,,,,,,,47457,CH4(g) + 5* -> C* + 4H*,,Ga6Os6,101,-0.149099608
62219,CH4(g) + 5* -> C* + 4H*,,Au12,111,6.031036289,,,,,,,47458,CH4(g) + 5* -> C* + 4H*,,In6Mo6,101,0.79152351
63905,CH4(g) + 5* -> C* + 4H*,,Au3Bi9,111,5.936060123,,,,,,,47459,CH4(g) + 5* -> C* + 4H*,,Pb6Tc6,101,0.033845928
73932,CH4(g) + 5* -> C* + 4H*,,Au3Cd9,111,8.027236741,,,,,,,47566,CH4(g) + 5* -> C* + 4H*,,Hg6Ni6,101,2.536535134
63562,CH4(g) + 5* -> C* + 4H*,,Au3Co9,111,1.100381832,,,,,,,47696,CH4(g) + 5* -> C* + 4H*,,Cr6Hf6,101,-3.968276654
7041,CH4(g) + 5* -> C* + 4H*,,Au3Cr9,111,-2.015914965,,,,,,,47876,CH4(g) + 5* -> C* + 4H*,,Ga6Zr6,101,0.256370149
59863,CH4(g) + 5* -> C* + 4H*,,Au3Cu9,111,4.007693432,,,,,,,47962,CH4(g) + 5* -> C* + 4H*,,Ir6Ti6,101,0.193182049
76950,CH4(g) + 5* -> C* + 4H*,,Au3Ga9,111,6.147974897,,,,,,,48002,CH4(g) + 5* -> C* + 4H*,,Bi6Mo6,101,-0.557676904
8100,CH4(g) + 5* -> C* + 4H*,,Au3Hf9,111,-3.387056189,,,,,,,48008,CH4(g) + 5* -> C* + 4H*,,Au6Ni6,101,1.954511253
77348,CH4(g) + 5* -> C* + 4H*,,Au3In9,111,6.409985422,,,,,,,48009,CH4(g) + 5* -> C* + 4H*,,Cd6Hg6,101,8.518402356
16277,CH4(g) + 5* -> C* + 4H*,,Au3Ir9,111,-0.312959214,,,,,,,48011,CH4(g) + 5* -> C* + 4H*,,Cr6Tl6,101,0.730205785
871,CH4(g) + 5* -> C* + 4H*,,Au3La9,111,-1.397800625,,,,,,,48014,CH4(g) + 5* -> C* + 4H*,,Hf6Y6,101,-3.080410968
59982,CH4(g) + 5* -> C* + 4H*,,Au3Mo9,111,-2.642130678,,,,,,,48029,CH4(g) + 5* -> C* + 4H*,,Co6Ti6,101,-1.580616906
3289,CH4(g) + 5* -> C* + 4H*,,Au3Nb9,111,-3.300899505,,,,,,,48060,CH4(g) + 5* -> C* + 4H*,,Cu6Ta6,101,-1.131730163
16609,CH4(g) + 5* -> C* + 4H*,,Au3Ni9,111,0.799546514,,,,,,,48076,CH4(g) + 5* -> C* + 4H*,,Ag6Au6,101,6.228247119
79005,CH4(g) + 5* -> C* + 4H*,,Au3Pb9,111,6.742350162,,,,,,,48077,CH4(g) + 5* -> C* + 4H*,,Mo6Y6,101,-2.605441025
78776,CH4(g) + 5* -> C* + 4H*,,Au3Pd9,111,1.302067303,,,,,,,48086,CH4(g) + 5* -> C* + 4H*,,Au6La6,101,0.637657828
15811,CH4(g) + 5* -> C* + 4H*,,Au3Pt9,111,0.769961889,,,,,,,48088,CH4(g) + 5* -> C* + 4H*,,Rh6Ti6,101,0.117189226
12594,CH4(g) + 5* -> C* + 4H*,,Au3Re9,111,-1.462565488,,,,,,,48097,CH4(g) + 5* -> C* + 4H*,,Ir6Rh6,101,0.713089553
15618,CH4(g) + 5* -> C* + 4H*,,Au3Rh9,111,-0.221888699,,,,,,,48104,CH4(g) + 5* -> C* + 4H*,,Al6Os6,101,-0.50288651
61743,CH4(g) + 5* -> C* + 4H*,,Au3Ru9,111,-0.306644405,,,,,,,48194,CH4(g) + 5* -> C* + 4H*,,Mo6Pd6,101,-0.705868059
4524,CH4(g) + 5* -> C* + 4H*,,Au3Sc9,111,-3.17534999,,,,,,,48390,CH4(g) + 5* -> C* + 4H*,,W6Zr6,101,-3.896620373
79036,CH4(g) + 5* -> C* + 4H*,,Au3Sn9,111,6.268998071,,,,,,,48421,CH4(g) + 5* -> C* + 4H*,,Bi6Pt6,101,3.606597497
11318,CH4(g) + 5* -> C* + 4H*,,Au3Ta9,111,-4.111202271,,,,,,,48425,CH4(g) + 5* -> C* + 4H*,,Os6Y6,101,-3.932901039
61156,CH4(g) + 5* -> C* + 4H*,,Au3Tc9,111,-1.187769967,,,,,,,48426,CH4(g) + 5* -> C* + 4H*,,Mn6Re6,101,-0.896121756
8890,CH4(g) + 5* -> C* + 4H*,,Au3Ti9,111,-3.253787348,,,,,,,48441,CH4(g) + 5* -> C* + 4H*,,Co6Pd6,101,1.513585744
82173,CH4(g) + 5* -> C* + 4H*,,Au3Tl9,111,8.079452394,,,,,,,48449,CH4(g) + 5* -> C* + 4H*,,Nb6Zn6,101,-1.134630624
8542,CH4(g) + 5* -> C* + 4H*,,Au3V9,111,-3.06913702,,,,,,,48472,CH4(g) + 5* -> C* + 4H*,,Cd6Hf6,101,-1.554736703
43514,CH4(g) + 5* -> C* + 4H*,,Au3W9,111,-3.223142568,,,,,,,48480,CH4(g) + 5* -> C* + 4H*,,Hf6Ir6,101,0.519370214
87772,CH4(g) + 5* -> C* + 4H*,,Au3Y9,111,-2.575484148,,,,,,,48485,CH4(g) + 5* -> C* + 4H*,,Hf6Nb6,101,-2.698802466
75197,CH4(g) + 5* -> C* + 4H*,,Au3Zn9,111,6.447923669,,,,,,,48492,CH4(g) + 5* -> C* + 4H*,,Al6Au6,101,4.417491703
61739,CH4(g) + 5* -> C* + 4H*,,Au3Zr9,111,-3.107418947,,,,,,,48547,CH4(g) + 5* -> C* + 4H*,,Ru6Ta6,101,-0.766507676
56641,CH4(g) + 5* -> C* + 4H*,,Au9Bi3,111,5.464669293,,,,,,,48600,CH4(g) + 5* -> C* + 4H*,,Co6Zr6,101,-1.947039006
17154,CH4(g) + 5* -> C* + 4H*,,Au9Cd3,111,6.485091154,,,,,,,48702,CH4(g) + 5* -> C* + 4H*,,Co6Hg6,101,1.436574942
73068,CH4(g) + 5* -> C* + 4H*,,Au9Cr3,111,2.299088734,,,,,,,48703,CH4(g) + 5* -> C* + 4H*,,Cu6La6,101,0.166235432
16383,CH4(g) + 5* -> C* + 4H*,,Au9Cu3,111,5.805189557,,,,,,,48719,CH4(g) + 5* -> C* + 4H*,,Hf6La6,101,-2.659267591
69893,CH4(g) + 5* -> C* + 4H*,,Au9Fe3,111,4.508635553,,,,,,,48739,CH4(g) + 5* -> C* + 4H*,,Ta6Tc6,101,-1.895596702
69890,CH4(g) + 5* -> C* + 4H*,,Au9Hf3,111,3.192111114,,,,,,,48750,CH4(g) + 5* -> C* + 4H*,,Rh6Ta6,101,-1.353720904
17963,CH4(g) + 5* -> C* + 4H*,,Au9In3,111,6.137232387,,,,,,,48757,CH4(g) + 5* -> C* + 4H*,,Ir6Os6,101,0.894475875
69964,CH4(g) + 5* -> C* + 4H*,,Au9Ir3,111,0.555111687,,,,,,,48781,CH4(g) + 5* -> C* + 4H*,,Cr6Re6,101,-1.793466391
70493,CH4(g) + 5* -> C* + 4H*,,Au9La3,111,4.486855289,,,,,,,48804,CH4(g) + 5* -> C* + 4H*,,Au6Re6,101,7.724546832
70611,CH4(g) + 5* -> C* + 4H*,,Au9Mn3,111,5.417197809,,,,,,,48852,CH4(g) + 5* -> C* + 4H*,,Re6Sc6,101,-1.960917765
45228,CH4(g) + 5* -> C* + 4H*,,Au9Mo3,111,1.461760983,,,,,,,48988,CH4(g) + 5* -> C* + 4H*,,La6Ta6,101,-2.868807764
71799,CH4(g) + 5* -> C* + 4H*,,Au9Nb3,111,2.355037516,,,,,,,48989,CH4(g) + 5* -> C* + 4H*,,Au6Mo6,101,-0.312248045
61141,CH4(g) + 5* -> C* + 4H*,,Au9Os3,111,-0.082350083,,,,,,,48999,CH4(g) + 5* -> C* + 4H*,,Bi6Ru6,101,2.230596592
18518,CH4(g) + 5* -> C* + 4H*,,Au9Pb3,111,5.419068456,,,,,,,49016,CH4(g) + 5* -> C* + 4H*,,La6W6,101,-1.49958848
71801,CH4(g) + 5* -> C* + 4H*,,Au9Pd3,111,4.925831102,,,,,,,49043,CH4(g) + 5* -> C* + 4H*,,Ir6Mn6,101,3.109994096
71263,CH4(g) + 5* -> C* + 4H*,,Au9Pt3,111,2.698235925,,,,,,,49060,CH4(g) + 5* -> C* + 4H*,,Cu6W6,101,-1.335355669
70632,CH4(g) + 5* -> C* + 4H*,,Au9Re3,111,-0.022085576,,,,,,,49132,CH4(g) + 5* -> C* + 4H*,,Ir6V6,101,-1.073593857
70610,CH4(g) + 5* -> C* + 4H*,,Au9Rh3,111,2.588267376,,,,,,,49147,CH4(g) + 5* -> C* + 4H*,,Cu6Re6,101,-0.937973545
59873,CH4(g) + 5* -> C* + 4H*,,Au9Ru3,111,1.499251739,,,,,,,49457,CH4(g) + 5* -> C* + 4H*,,Mo6Nb6,101,-2.240169829
71147,CH4(g) + 5* -> C* + 4H*,,Au9Sc3,111,4.917695715,,,,,,,49458,CH4(g) + 5* -> C* + 4H*,,Cu6Rh6,101,0.696698639
71148,CH4(g) + 5* -> C* + 4H*,,Au9Ta3,111,1.258975763,,,,,,,49462,CH4(g) + 5* -> C* + 4H*,,Cr6Nb6,101,-3.004404131
71285,CH4(g) + 5* -> C* + 4H*,,Au9Tc3,111,1.148717957,,,,,,,49473,CH4(g) + 5* -> C* + 4H*,,Bi6La6,101,1.794711448
70494,CH4(g) + 5* -> C* + 4H*,,Au9Ti3,111,3.76365317,,,,,,,49527,CH4(g) + 5* -> C* + 4H*,,Tc6V6,101,-1.56471743
72362,CH4(g) + 5* -> C* + 4H*,,Au9V3,111,2.844544325,,,,,,,49540,CH4(g) + 5* -> C* + 4H*,,Cr6Mo6,101,-2.007802707
69915,CH4(g) + 5* -> C* + 4H*,,Au9W3,111,0.489432386,,,,,,,49586,CH4(g) + 5* -> C* + 4H*,,Ag6Sc6,101,-1.427162116
69889,CH4(g) + 5* -> C* + 4H*,,Au9Y3,111,4.718367022,,,,,,,49603,CH4(g) + 5* -> C* + 4H*,,Ru6Sn6,101,2.324299945
16839,CH4(g) + 5* -> C* + 4H*,,Au9Zn3,111,7.451813662,,,,,,,49806,CH4(g) + 5* -> C* + 4H*,,Sn6Y6,101,1.300696393
71719,CH4(g) + 5* -> C* + 4H*,,Au9Zr3,111,3.733602006,,,,,,,49807,CH4(g) + 5* -> C* + 4H*,,Ti6V6,101,-2.818172821
58659,CH4(g) + 5* -> C* + 4H*,,Bi3Cd9,111,7.01695425,,,,,,,49820,CH4(g) + 5* -> C* + 4H*,,Re6Zr6,101,-3.778030441
57146,CH4(g) + 5* -> C* + 4H*,,Bi3Cu9,111,4.347654502,,,,,,,49828,CH4(g) + 5* -> C* + 4H*,,Ni6W6,101,-0.800059584
62256,CH4(g) + 5* -> C* + 4H*,,Bi3Pd9,111,2.833840727,,,,,,,49829,CH4(g) + 5* -> C* + 4H*,,Hg6Zr6,101,-0.581830953
61395,CH4(g) + 5* -> C* + 4H*,,Bi3Pt9,111,1.204215983,,,,,,,49830,CH4(g) + 5* -> C* + 4H*,,Os6Sn6,101,0.641223471
62896,CH4(g) + 5* -> C* + 4H*,,Bi3Rh9,111,0.160853565,,,,,,,49831,CH4(g) + 5* -> C* + 4H*,,La6Y6,101,-1.78149107
60191,CH4(g) + 5* -> C* + 4H*,,Bi3Ru9,111,-0.69872167,,,,,,,49834,CH4(g) + 5* -> C* + 4H*,,Re6Ti6,101,-3.275011819
62776,CH4(g) + 5* -> C* + 4H*,,Bi9Cd3,111,8.822235145,,,,,,,49835,CH4(g) + 5* -> C* + 4H*,,Al6Hf6,101,-1.061784117
62492,CH4(g) + 5* -> C* + 4H*,,Bi9Cu3,111,8.977769972,,,,,,,49836,CH4(g) + 5* -> C* + 4H*,,Ga6Ir6,101,1.751043844
59070,CH4(g) + 5* -> C* + 4H*,,Bi9Hf3,111,2.67416732,,,,,,,49837,CH4(g) + 5* -> C* + 4H*,,Nb6Sn6,101,1.668813627
57666,CH4(g) + 5* -> C* + 4H*,,Bi9Nb3,111,7.472136756,,,,,,,49838,CH4(g) + 5* -> C* + 4H*,,Al6W6,101,-0.729750947
62376,CH4(g) + 5* -> C* + 4H*,,Bi9Pd3,111,6.415774915,,,,,,,49839,CH4(g) + 5* -> C* + 4H*,,Bi6Sc6,101,1.61927299
60865,CH4(g) + 5* -> C* + 4H*,,Bi9Pt3,111,9.07249416,,,,,,,49846,CH4(g) + 5* -> C* + 4H*,,Cd6Pt6,101,2.262874736
62707,CH4(g) + 5* -> C* + 4H*,,Bi9Re3,111,10.03392365,,,,,,,49941,CH4(g) + 5* -> C* + 4H*,,Re6V6,101,-2.331769334
62612,CH4(g) + 5* -> C* + 4H*,,Bi9Rh3,111,4.401690597,,,,,,,50113,CH4(g) + 5* -> C* + 4H*,,Os6Ta6,101,-0.715298573
62809,CH4(g) + 5* -> C* + 4H*,,Bi9Ru3,111,1.399238474,,,,,,,50122,CH4(g) + 5* -> C* + 4H*,,Fe6Rh6,101,7.465160165
58087,CH4(g) + 5* -> C* + 4H*,,Bi9W3,111,-1.458111392,,,,,,,50123,CH4(g) + 5* -> C* + 4H*,,Pt6Ta6,101,-0.615672934
58737,CH4(g) + 5* -> C* + 4H*,,Cd12,111,8.721182541,,,,,,,50356,CH4(g) + 5* -> C* + 4H*,,Hf6Sc6,101,-2.925831804
18203,CH4(g) + 5* -> C* + 4H*,,Cd3Co9,111,-0.143863593,,,,,,,50357,CH4(g) + 5* -> C* + 4H*,,Sc6Y6,101,-2.820152449
7014,CH4(g) + 5* -> C* + 4H*,,Cd3Cr9,111,-1.649420346,,,,,,,50368,CH4(g) + 5* -> C* + 4H*,,Co6Re6,101,-0.599051269
71922,CH4(g) + 5* -> C* + 4H*,,Cd3Cu9,111,4.191543201,,,,,,,50374,CH4(g) + 5* -> C* + 4H*,,Nb6V6,101,-2.584652616
16465,CH4(g) + 5* -> C* + 4H*,,Cd3Fe9,111,5.054691972,,,,,,,50375,CH4(g) + 5* -> C* + 4H*,,Au6Y6,101,-0.438542064
77148,CH4(g) + 5* -> C* + 4H*,,Cd3Ga9,111,5.970785114,,,,,,,50376,CH4(g) + 5* -> C* + 4H*,,Al6Mo6,101,0.187127789
10199,CH4(g) + 5* -> C* + 4H*,,Cd3Hf9,111,-3.405429723,,,,,,,50377,CH4(g) + 5* -> C* + 4H*,,Ta6V6,101,-3.288862686
74582,CH4(g) + 5* -> C* + 4H*,,Cd3Hg9,111,10.11778695,,,,,,,50379,CH4(g) + 5* -> C* + 4H*,,Ir6Pt6,101,0.130660086
59869,CH4(g) + 5* -> C* + 4H*,,Cd3In9,111,6.995930599,,,,,,,50380,CH4(g) + 5* -> C* + 4H*,,Cr6Tc6,101,-1.435070561
17644,CH4(g) + 5* -> C* + 4H*,,Cd3Ir9,111,-0.94206464,,,,,,,50381,CH4(g) + 5* -> C* + 4H*,,Ir6Sc6,101,-1.433327264
1257,CH4(g) + 5* -> C* + 4H*,,Cd3La9,111,-1.021196569,,,,,,,50382,CH4(g) + 5* -> C* + 4H*,,Os6Pb6,101,-0.228069221
12413,CH4(g) + 5* -> C* + 4H*,,Cd3Mo9,111,-2.454190493,,,,,,,50384,CH4(g) + 5* -> C* + 4H*,,Bi6W6,101,-1.923126187
3713,CH4(g) + 5* -> C* + 4H*,,Cd3Nb9,111,-3.452903656,,,,,,,50399,CH4(g) + 5* -> C* + 4H*,,Re6Zn6,101,-0.617943316
15651,CH4(g) + 5* -> C* + 4H*,,Cd3Ni9,111,-0.183448402,,,,,,,50468,CH4(g) + 5* -> C* + 4H*,,Sc6V6,101,-2.864538026
43278,CH4(g) + 5* -> C* + 4H*,,Cd3Os9,111,-1.238493483,,,,,,,50594,CH4(g) + 5* -> C* + 4H*,,Fe6La6,101,-1.26326455
79793,CH4(g) + 5* -> C* + 4H*,,Cd3Pb9,111,7.883556825,,,,,,,50745,CH4(g) + 5* -> C* + 4H*,,Ag6Ru6,101,1.229501073
17153,CH4(g) + 5* -> C* + 4H*,,Cd3Pd9,111,1.516854783,,,,,,,50770,CH4(g) + 5* -> C* + 4H*,,Au6Sc6,101,-0.475359474
15815,CH4(g) + 5* -> C* + 4H*,,Cd3Pt9,111,0.676106833,,,,,,,50779,CH4(g) + 5* -> C* + 4H*,,Fe6Pb6,101,3.809511155
14243,CH4(g) + 5* -> C* + 4H*,,Cd3Re9,111,-1.499168744,,,,,,,50782,CH4(g) + 5* -> C* + 4H*,,Cr6Cu6,101,-0.678013943
59313,CH4(g) + 5* -> C* + 4H*,,Cd3Rh9,111,-0.520094854,,,,,,,50783,CH4(g) + 5* -> C* + 4H*,,Cd6Mn6,101,5.042287118
15119,CH4(g) + 5* -> C* + 4H*,,Cd3Ru9,111,-1.042004434,,,,,,,50784,CH4(g) + 5* -> C* + 4H*,,Cu6Os6,101,0.545733691
3840,CH4(g) + 5* -> C* + 4H*,,Cd3Sc9,111,-3.25729816,,,,,,,50786,CH4(g) + 5* -> C* + 4H*,,Os6Zr6,101,-2.847272266
79014,CH4(g) + 5* -> C* + 4H*,,Cd3Sn9,111,7.57239914,,,,,,,50787,CH4(g) + 5* -> C* + 4H*,,Ni6Sn6,101,5.377924708
11721,CH4(g) + 5* -> C* + 4H*,,Cd3Ta9,111,-3.759769017,,,,,,,50799,CH4(g) + 5* -> C* + 4H*,,La6Zn6,101,0.151225905
13639,CH4(g) + 5* -> C* + 4H*,,Cd3Tc9,111,-1.282577285,,,,,,,50845,CH4(g) + 5* -> C* + 4H*,,In6La6,101,1.567296934
8998,CH4(g) + 5* -> C* + 4H*,,Cd3Ti9,111,-3.450375855,,,,,,,50931,CH4(g) + 5* -> C* + 4H*,,Hf6Mo6,101,-3.185828005
48125,CH4(g) + 5* -> C* + 4H*,,Cd3Tl9,111,8.64238436,,,,,,,50939,CH4(g) + 5* -> C* + 4H*,,Ni6Pb6,101,2.653965181
11372,CH4(g) + 5* -> C* + 4H*,,Cd3V9,111,-3.247661929,,,,,,,51129,CH4(g) + 5* -> C* + 4H*,,Hf6Pt6,101,-1.295838209
11439,CH4(g) + 5* -> C* + 4H*,,Cd3W9,111,-3.207464593,,,,,,,51146,CH4(g) + 5* -> C* + 4H*,,Re6Ta6,101,-2.701908102
88148,CH4(g) + 5* -> C* + 4H*,,Cd3Y9,111,-2.678817338,,,,,,,51148,CH4(g) + 5* -> C* + 4H*,,Pt6Zn6,101,2.955242412
72512,CH4(g) + 5* -> C* + 4H*,,Cd3Zn9,111,5.567296755,,,,,,,51149,CH4(g) + 5* -> C* + 4H*,,Cr6Ta6,101,-3.291344772
6475,CH4(g) + 5* -> C* + 4H*,,Cd3Zr9,111,-3.213060342,,,,,,,51150,CH4(g) + 5* -> C* + 4H*,,Au6Pd6,101,2.835402797
73924,CH4(g) + 5* -> C* + 4H*,,Cd9Cr3,111,1.243932222,,,,,,,51171,CH4(g) + 5* -> C* + 4H*,,Pt6Rh6,101,0.725934278
74524,CH4(g) + 5* -> C* + 4H*,,Cd9Cu3,111,6.888852579,,,,,,,51172,CH4(g) + 5* -> C* + 4H*,,La6Pt6,101,2.249252445
74522,CH4(g) + 5* -> C* + 4H*,,Cd9Fe3,111,3.940330019,,,,,,,51173,CH4(g) + 5* -> C* + 4H*,,Co6Sn6,101,3.41697048
18156,CH4(g) + 5* -> C* + 4H*,,Cd9Ga3,111,7.073196643,,,,,,,51174,CH4(g) + 5* -> C* + 4H*,,In6Ru6,101,0.101010289
73502,CH4(g) + 5* -> C* + 4H*,,Cd9Hf3,111,1.730822929,,,,,,,51175,CH4(g) + 5* -> C* + 4H*,,Cu6Tc6,101,-0.042326083
18157,CH4(g) + 5* -> C* + 4H*,,Cd9In3,111,7.412487633,,,,,,,51176,CH4(g) + 5* -> C* + 4H*,,Sc6Sn6,101,1.27309507
73928,CH4(g) + 5* -> C* + 4H*,,Cd9Ir3,111,0.975716686,,,,,,,51177,CH4(g) + 5* -> C* + 4H*,,Ag6Ga6,101,6.377440062
73095,CH4(g) + 5* -> C* + 4H*,,Cd9La3,111,3.779132094,,,,,,,51178,CH4(g) + 5* -> C* + 4H*,,Re6W6,101,-2.232729693
73930,CH4(g) + 5* -> C* + 4H*,,Cd9Mn3,111,4.541664051,,,,,,,51179,CH4(g) + 5* -> C* + 4H*,,Cu6V6,101,-0.509019276
74708,CH4(g) + 5* -> C* + 4H*,,Cd9Mo3,111,0.383292478,,,,,,,51180,CH4(g) + 5* -> C* + 4H*,,In6Pb6,101,7.860069727
74914,CH4(g) + 5* -> C* + 4H*,,Cd9Nb3,111,0.840357875,,,,,,,51181,CH4(g) + 5* -> C* + 4H*,,Cd6Ti6,101,-1.274872926
73929,CH4(g) + 5* -> C* + 4H*,,Cd9Ni3,111,6.190016622,,,,,,,51182,CH4(g) + 5* -> C* + 4H*,,Ga6La6,101,-0.25725275
73927,CH4(g) + 5* -> C* + 4H*,,Cd9Os3,111,-0.817333915,,,,,,,51221,CH4(g) + 5* -> C* + 4H*,,Pd6Sn6,101,6.597267771
18146,CH4(g) + 5* -> C* + 4H*,,Cd9Pb3,111,7.038899007,,,,,,,51661,CH4(g) + 5* -> C* + 4H*,,Bi6Hf6,101,1.008900289
73931,CH4(g) + 5* -> C* + 4H*,,Cd9Pd3,111,7.184481815,,,,,,,51675,CH4(g) + 5* -> C* + 4H*,,Al6Re6,101,0.946833571
74523,CH4(g) + 5* -> C* + 4H*,,Cd9Pt3,111,8.37321629,,,,,,,51676,CH4(g) + 5* -> C* + 4H*,,Ga6W6,101,1.161113287
74519,CH4(g) + 5* -> C* + 4H*,,Cd9Re3,111,-1.371845047,,,,,,,51677,CH4(g) + 5* -> C* + 4H*,,Ir6Y6,101,-1.733903938
74521,CH4(g) + 5* -> C* + 4H*,,Cd9Rh3,111,3.461563951,,,,,,,51678,CH4(g) + 5* -> C* + 4H*,,Sc6Ta6,101,-3.147735061
74520,CH4(g) + 5* -> C* + 4H*,,Cd9Ru3,111,1.138406203,,,,,,,51679,CH4(g) + 5* -> C* + 4H*,,Al6Zr6,101,-1.034698177
72535,CH4(g) + 5* -> C* + 4H*,,Cd9Sc3,111,3.612114878,,,,,,,51680,CH4(g) + 5* -> C* + 4H*,,Rh6Zr6,101,-0.094359419
74255,CH4(g) + 5* -> C* + 4H*,,Cd9Ta3,111,0.422838102,,,,,,,51707,CH4(g) + 5* -> C* + 4H*,,Ir6Ni6,101,0.54015114
73926,CH4(g) + 5* -> C* + 4H*,,Cd9Tc3,111,0.270002235,,,,,,,51731,CH4(g) + 5* -> C* + 4H*,,Cr6Zr6,101,-3.761550138
73717,CH4(g) + 5* -> C* + 4H*,,Cd9Ti3,111,2.301269319,,,,,,,51770,CH4(g) + 5* -> C* + 4H*,,Ga6In6,101,6.412137434
18171,CH4(g) + 5* -> C* + 4H*,,Cd9Tl3,111,7.408772327,,,,,,,51837,CH4(g) + 5* -> C* + 4H*,,La6Zr6,101,-2.3595693
73720,CH4(g) + 5* -> C* + 4H*,,Cd9V3,111,1.565143697,,,,,,,51971,CH4(g) + 5* -> C* + 4H*,,Bi6Tc6,101,0.966355154
73925,CH4(g) + 5* -> C* + 4H*,,Cd9W3,111,-0.700778714,,,,,,,52074,CH4(g) + 5* -> C* + 4H*,,In6Ta6,101,-0.794495264
72513,CH4(g) + 5* -> C* + 4H*,,Cd9Y3,111,3.672838578,,,,,,,52075,CH4(g) + 5* -> C* + 4H*,,Cd6Cu6,101,4.315975282
43519,CH4(g) + 5* -> C* + 4H*,,Cd9Zn3,111,6.436802376,,,,,,,52076,CH4(g) + 5* -> C* + 4H*,,Cu6Ni6,101,1.312779609
73216,CH4(g) + 5* -> C* + 4H*,,Cd9Zr3,111,1.983621447,,,,,,,52077,CH4(g) + 5* -> C* + 4H*,,Au6Ti6,101,-0.365990528
43367,CH4(g) + 5* -> C* + 4H*,,Co12,111,0.312127906,,,,,,,52116,CH4(g) + 5* -> C* + 4H*,,Hf6Ta6,101,-3.184933839
69572,CH4(g) + 5* -> C* + 4H*,,Co3Ni9,111,1.257224031,,,,,,,52117,CH4(g) + 5* -> C* + 4H*,,Pd6Rh6,101,0.352201567
13848,CH4(g) + 5* -> C* + 4H*,,Co3Os9,111,0.571998119,,,,,,,52118,CH4(g) + 5* -> C* + 4H*,,Cu6Mn6,101,7.436086978
72286,CH4(g) + 5* -> C* + 4H*,,Co3Pd9,111,1.844776449,,,,,,,52119,CH4(g) + 5* -> C* + 4H*,,Ti6W6,101,-2.655701675
14085,CH4(g) + 5* -> C* + 4H*,,Co3Re9,111,-1.216435935,,,,,,,52120,CH4(g) + 5* -> C* + 4H*,,Cr6W6,101,-2.21986143
17517,CH4(g) + 5* -> C* + 4H*,,Co9Cu3,111,0.67372883,,,,,,,52121,CH4(g) + 5* -> C* + 4H*,,In6W6,101,-0.176032347
63647,CH4(g) + 5* -> C* + 4H*,,Co9Fe3,111,3.740202671,,,,,,,52122,CH4(g) + 5* -> C* + 4H*,,La6V6,101,-2.579564767
68660,CH4(g) + 5* -> C* + 4H*,,Co9Hf3,111,-1.620307022,,,,,,,52123,CH4(g) + 5* -> C* + 4H*,,Pb6Sc6,101,0.885539929
18528,CH4(g) + 5* -> C* + 4H*,,Co9Hg3,111,0.903059298,,,,,,,52124,CH4(g) + 5* -> C* + 4H*,,Pb6Rh6,101,4.489308259
19236,CH4(g) + 5* -> C* + 4H*,,Co9In3,111,0.134845332,,,,,,,52125,CH4(g) + 5* -> C* + 4H*,,Ag6Tl6,101,7.268349069
68665,CH4(g) + 5* -> C* + 4H*,,Co9Ir3,111,0.980464529,,,,,,,52126,CH4(g) + 5* -> C* + 4H*,,Pt6Sc6,101,1.220444036
68218,CH4(g) + 5* -> C* + 4H*,,Co9La3,111,-0.795183441,,,,,,,52147,CH4(g) + 5* -> C* + 4H*,,Al6Mn6,101,0.180308616
69687,CH4(g) + 5* -> C* + 4H*,,Co9Nb3,111,-0.957376214,,,,,,,52521,CH4(g) + 5* -> C* + 4H*,,Ga6Rh6,101,3.660323518
68666,CH4(g) + 5* -> C* + 4H*,,Co9Ni3,111,0.967746336,,,,,,,52615,CH4(g) + 5* -> C* + 4H*,,Co6Tl6,101,1.272330839
69688,CH4(g) + 5* -> C* + 4H*,,Co9Os3,111,0.024925355,,,,,,,52617,CH4(g) + 5* -> C* + 4H*,,Ir6Nb6,101,-1.304967629
61155,CH4(g) + 5* -> C* + 4H*,,Co9Pd3,111,0.994719892,,,,,,,52657,CH4(g) + 5* -> C* + 4H*,,Pb6Pt6,101,2.237664614
63561,CH4(g) + 5* -> C* + 4H*,,Co9Pt3,111,1.343173908,,,,,,,52658,CH4(g) + 5* -> C* + 4H*,,Ga6Y6,101,-0.024125749
68663,CH4(g) + 5* -> C* + 4H*,,Co9Re3,111,-0.043211678,,,,,,,52659,CH4(g) + 5* -> C* + 4H*,,Ni6Ru6,101,0.177404073
69280,CH4(g) + 5* -> C* + 4H*,,Co9Rh3,111,1.106824263,,,,,,,52660,CH4(g) + 5* -> C* + 4H*,,Ag6Pb6,101,7.323642737
68664,CH4(g) + 5* -> C* + 4H*,,Co9Ru3,111,0.464259135,,,,,,,52661,CH4(g) + 5* -> C* + 4H*,,Os6V6,101,-1.081201752
68658,CH4(g) + 5* -> C* + 4H*,,Co9Sc3,111,-1.777140786,,,,,,,52662,CH4(g) + 5* -> C* + 4H*,,Cu6Y6,101,-1.111864628
20244,CH4(g) + 5* -> C* + 4H*,,Co9Sn3,111,10.40793976,,,,,,,52663,CH4(g) + 5* -> C* + 4H*,,Ag6Rh6,101,0.72455847
69166,CH4(g) + 5* -> C* + 4H*,,Co9Ta3,111,-0.917908006,,,,,,,52683,CH4(g) + 5* -> C* + 4H*,,Hf6Zr6,101,-2.883880013
69167,CH4(g) + 5* -> C* + 4H*,,Co9Tc3,111,0.096792253,,,,,,,52684,CH4(g) + 5* -> C* + 4H*,,W6Zn6,101,-1.423845729
68661,CH4(g) + 5* -> C* + 4H*,,Co9Ti3,111,-1.177601209,,,,,,,52686,CH4(g) + 5* -> C* + 4H*,,Rh6Tl6,101,2.388824395
68662,CH4(g) + 5* -> C* + 4H*,,Co9V3,111,-0.336356787,,,,,,,52687,CH4(g) + 5* -> C* + 4H*,,Au6In6,101,6.275481592
59876,CH4(g) + 5* -> C* + 4H*,,Co9W3,111,-0.145437364,,,,,,,52688,CH4(g) + 5* -> C* + 4H*,,Ir6Tc6,101,-0.080704883
68204,CH4(g) + 5* -> C* + 4H*,,Co9Y3,111,-1.062198138,,,,,,,52689,CH4(g) + 5* -> C* + 4H*,,Au6Ta6,101,-1.060149801
17860,CH4(g) + 5* -> C* + 4H*,,Co9Zn3,111,-0.097715943,,,,,,,52690,CH4(g) + 5* -> C* + 4H*,,Cr6Mn6,101,-9.254027833
68659,CH4(g) + 5* -> C* + 4H*,,Co9Zr3,111,-1.61628654,,,,,,,52711,CH4(g) + 5* -> C* + 4H*,,Os6Zn6,101,0.75909203
62906,CH4(g) + 5* -> C* + 4H*,,Cr12,111,-2.536640034,,,,,,,52776,CH4(g) + 5* -> C* + 4H*,,Al6Ir6,101,1.377728147
70665,CH4(g) + 5* -> C* + 4H*,,Cr3Cu9,111,0.460861113,,,,,,,52845,CH4(g) + 5* -> C* + 4H*,,Ag6Sn6,101,7.259654624
63094,CH4(g) + 5* -> C* + 4H*,,Cr3Hf9,111,-3.504873726,,,,,,,53191,CH4(g) + 5* -> C* + 4H*,,Nb6Ti6,101,-2.671198966
73962,CH4(g) + 5* -> C* + 4H*,,Cr3Hg9,111,2.393763261,,,,,,,53218,CH4(g) + 5* -> C* + 4H*,,Hg6Rh6,101,0.798998612
77263,CH4(g) + 5* -> C* + 4H*,,Cr3In9,111,2.458790577,,,,,,,53219,CH4(g) + 5* -> C* + 4H*,,Au6Co6,101,2.374959243
43520,CH4(g) + 5* -> C* + 4H*,,Cr3Ir9,111,0.747285418,,,,,,,53221,CH4(g) + 5* -> C* + 4H*,,Ga6Nb6,101,0.454489023
1754,CH4(g) + 5* -> C* + 4H*,,Cr3La9,111,-1.830260128,,,,,,,53237,CH4(g) + 5* -> C* + 4H*,,Sc6Ti6,101,-3.026345214
64825,CH4(g) + 5* -> C* + 4H*,,Cr3Mo9,111,-2.5121004,,,,,,,53240,CH4(g) + 5* -> C* + 4H*,,Hg6Sc6,101,-0.472205811
64130,CH4(g) + 5* -> C* + 4H*,,Cr3Nb9,111,1.304564492,,,,,,,53241,CH4(g) + 5* -> C* + 4H*,,Co6Y6,101,-2.290095916
61153,CH4(g) + 5* -> C* + 4H*,,Cr3Os9,111,-0.478890559,,,,,,,53251,CH4(g) + 5* -> C* + 4H*,,Pt6Tl6,101,4.079243997
77851,CH4(g) + 5* -> C* + 4H*,,Cr3Pb9,111,1.944767536,,,,,,,53268,CH4(g) + 5* -> C* + 4H*,,Fe6Hf6,101,-2.737549164
71144,CH4(g) + 5* -> C* + 4H*,,Cr3Pd9,111,1.40331025,,,,,,,53291,CH4(g) + 5* -> C* + 4H*,,Cu6Mo6,101,-0.653784246
73714,CH4(g) + 5* -> C* + 4H*,,Cr3Pt9,111,1.438520692,,,,,,,53303,CH4(g) + 5* -> C* + 4H*,,Bi6Os6,101,0.884815018
66313,CH4(g) + 5* -> C* + 4H*,,Cr3Re9,111,-1.392515902,,,,,,,53544,CH4(g) + 5* -> C* + 4H*,,Sn6Tc6,101,1.086619403
68076,CH4(g) + 5* -> C* + 4H*,,Cr3Rh9,111,0.273158483,,,,,,,53582,CH4(g) + 5* -> C* + 4H*,,Cd6Rh6,101,-0.27665882
67819,CH4(g) + 5* -> C* + 4H*,,Cr3Ru9,111,-0.605762276,,,,,,,53612,CH4(g) + 5* -> C* + 4H*,,Nb6Zr6,101,-2.615004601
43513,CH4(g) + 5* -> C* + 4H*,,Cr3Sc9,111,-1.820751246,,,,,,,53613,CH4(g) + 5* -> C* + 4H*,,Co6Zn6,101,1.187627107
47307,CH4(g) + 5* -> C* + 4H*,,Cr3Sn9,111,2.920200136,,,,,,,53614,CH4(g) + 5* -> C* + 4H*,,Sn6Zr6,101,1.088008272
10667,CH4(g) + 5* -> C* + 4H*,,Cr3Ta9,111,-3.719776991,,,,,,,53615,CH4(g) + 5* -> C* + 4H*,,Pt6Tc6,101,0.431709694
60535,CH4(g) + 5* -> C* + 4H*,,Cr3Tc9,111,-1.041211358,,,,,,,53630,CH4(g) + 5* -> C* + 4H*,,Cu6Ru6,101,1.003953259
7794,CH4(g) + 5* -> C* + 4H*,,Cr3Ti9,111,-3.357625989,,,,,,,53635,CH4(g) + 5* -> C* + 4H*,,Mo6W6,101,-2.084858271
43523,CH4(g) + 5* -> C* + 4H*,,Cr3Tl9,111,1.81102549,,,,,,,53636,CH4(g) + 5* -> C* + 4H*,,Cu6Pb6,101,4.928231555
65104,CH4(g) + 5* -> C* + 4H*,,Cr3V9,111,-3.340561593,,,,,,,53666,CH4(g) + 5* -> C* + 4H*,,Sc6Tc6,101,-2.937215822
65854,CH4(g) + 5* -> C* + 4H*,,Cr3W9,111,-4.145741,,,,,,,53676,CH4(g) + 5* -> C* + 4H*,,La6Pb6,101,1.130372859
87654,CH4(g) + 5* -> C* + 4H*,,Cr3Y9,111,-3.514302607,,,,,,,53702,CH4(g) + 5* -> C* + 4H*,,Ni6Rh6,101,0.798424452
73091,CH4(g) + 5* -> C* + 4H*,,Cr3Zn9,111,0.792942583,,,,,,,53708,CH4(g) + 5* -> C* + 4H*,,Bi6Tl6,101,6.961973513
5296,CH4(g) + 5* -> C* + 4H*,,Cr3Zr9,111,-3.342108561,,,,,,,53859,CH4(g) + 5* -> C* + 4H*,,Pd6Ta6,101,-0.91866217
8560,CH4(g) + 5* -> C* + 4H*,,Cr9Cu3,111,-2.558615131,,,,,,,53956,CH4(g) + 5* -> C* + 4H*,,Co6Ir6,101,0.655127264
43517,CH4(g) + 5* -> C* + 4H*,,Cr9Ga3,111,-2.021618879,,,,,,,54041,CH4(g) + 5* -> C* + 4H*,,Fe6Ta6,101,-2.240730384
64553,CH4(g) + 5* -> C* + 4H*,,Cr9Hf3,111,0.804210953,,,,,,,54042,CH4(g) + 5* -> C* + 4H*,,Ni6Ta6,101,-1.220829349
7000,CH4(g) + 5* -> C* + 4H*,,Cr9Hg3,111,-1.147286503,,,,,,,54068,CH4(g) + 5* -> C* + 4H*,,Hf6Tc6,101,-2.764700275
7783,CH4(g) + 5* -> C* + 4H*,,Cr9In3,111,-1.558957733,,,,,,,54108,CH4(g) + 5* -> C* + 4H*,,Ir6Mo6,101,-0.656928522
63064,CH4(g) + 5* -> C* + 4H*,,Cr9Ir3,111,-1.796112699,,,,,,,54109,CH4(g) + 5* -> C* + 4H*,,Hg6Nb6,101,1.0363012
59877,CH4(g) + 5* -> C* + 4H*,,Cr9La3,111,-1.858802421,,,,,,,54110,CH4(g) + 5* -> C* + 4H*,,Pt6Y6,101,0.946462
63044,CH4(g) + 5* -> C* + 4H*,,Cr9Mo3,111,-2.621808128,,,,,,,54112,CH4(g) + 5* -> C* + 4H*,,Co6Os6,101,0.124301465
65403,CH4(g) + 5* -> C* + 4H*,,Cr9Nb3,111,-3.776017887,,,,,,,54113,CH4(g) + 5* -> C* + 4H*,,Cr6Os6,101,-1.057196958
61745,CH4(g) + 5* -> C* + 4H*,,Cr9Os3,111,-1.92213991,,,,,,,54115,CH4(g) + 5* -> C* + 4H*,,Pd6Zr6,101,-0.997292049
7785,CH4(g) + 5* -> C* + 4H*,,Cr9Pb3,111,-0.370532244,,,,,,,54116,CH4(g) + 5* -> C* + 4H*,,Nb6Y6,101,-2.803523573
59220,CH4(g) + 5* -> C* + 4H*,,Cr9Pd3,111,-2.338012442,,,,,,,54117,CH4(g) + 5* -> C* + 4H*,,Ti6Zn6,101,-1.123236129
6658,CH4(g) + 5* -> C* + 4H*,,Cr9Pt3,111,-2.08042336,,,,,,,54164,CH4(g) + 5* -> C* + 4H*,,Al6Nb6,101,-0.269418415
43996,CH4(g) + 5* -> C* + 4H*,,Cr9Re3,111,-2.777336561,,,,,,,54211,CH4(g) + 5* -> C* + 4H*,,La6Ti6,101,-3.062857313
63596,CH4(g) + 5* -> C* + 4H*,,Cr9Rh3,111,-2.049467145,,,,,,,54224,CH4(g) + 5* -> C* + 4H*,,Ag6La6,101,-0.314301824
63046,CH4(g) + 5* -> C* + 4H*,,Cr9Ru3,111,-1.920639883,,,,,,,54232,CH4(g) + 5* -> C* + 4H*,,Cd6Tl6,101,7.911309444
64680,CH4(g) + 5* -> C* + 4H*,,Cr9Sc3,111,-2.830936048,,,,,,,54277,CH4(g) + 5* -> C* + 4H*,,In6Pt6,101,4.036394503
7832,CH4(g) + 5* -> C* + 4H*,,Cr9Sn3,111,-0.917327043,,,,,,,54384,CH4(g) + 5* -> C* + 4H*,,Ga6Tl6,101,6.255710209
61154,CH4(g) + 5* -> C* + 4H*,,Cr9Tc3,111,-2.5530436,,,,,,,54524,CH4(g) + 5* -> C* + 4H*,,Cd6Sc6,101,-1.395458541
64800,CH4(g) + 5* -> C* + 4H*,,Cr9Ti3,111,-2.980289946,,,,,,,54597,CH4(g) + 5* -> C* + 4H*,,Pd6Tl6,101,5.669706799
7746,CH4(g) + 5* -> C* + 4H*,,Cr9Tl3,111,-0.978873207,,,,,,,54609,CH4(g) + 5* -> C* + 4H*,,Ni6Zn6,101,1.604566189
47669,CH4(g) + 5* -> C* + 4H*,,Cr9W3,111,-1.815294411,,,,,,,54610,CH4(g) + 5* -> C* + 4H*,,Sc6Tl6,101,2.338824429
61149,CH4(g) + 5* -> C* + 4H*,,Cr9Zn3,111,-2.511514402,,,,,,,54668,CH4(g) + 5* -> C* + 4H*,,Cu6In6,101,5.76628204
65135,CH4(g) + 5* -> C* + 4H*,,Cr9Zr3,111,1.461624245,,,,,,,54672,CH4(g) + 5* -> C* + 4H*,,Sn6Zn6,101,5.687308074
62503,CH4(g) + 5* -> C* + 4H*,,Cu12,111,3.895831379,,,,,,,54673,CH4(g) + 5* -> C* + 4H*,,Cd6W6,101,-1.606361324
15653,CH4(g) + 5* -> C* + 4H*,,Cu3Fe9,111,3.796598945,,,,,,,54677,CH4(g) + 5* -> C* + 4H*,,Fe6Os6,101,0.206339298
59865,CH4(g) + 5* -> C* + 4H*,,Cu3Ga9,111,5.957038875,,,,,,,54716,CH4(g) + 5* -> C* + 4H*,,Sn6Tl6,101,7.565004311
7268,CH4(g) + 5* -> C* + 4H*,,Cu3Hf9,111,-2.926562158,,,,,,,54719,CH4(g) + 5* -> C* + 4H*,,Cr6La6,101,-2.54312886
17097,CH4(g) + 5* -> C* + 4H*,,Cu3Ir9,111,0.197474374,,,,,,,54753,CH4(g) + 5* -> C* + 4H*,,Cu6Tl6,101,4.496826084
61151,CH4(g) + 5* -> C* + 4H*,,Cu3La9,111,-0.995909438,,,,,,,54758,CH4(g) + 5* -> C* + 4H*,,Ga6Pt6,101,4.40976231
11048,CH4(g) + 5* -> C* + 4H*,,Cu3Mo9,111,-2.566723307,,,,,,,54761,CH4(g) + 5* -> C* + 4H*,,Ru6Sc6,101,-2.353839807
45079,CH4(g) + 5* -> C* + 4H*,,Cu3Nb9,111,-2.997588631,,,,,,,54929,CH4(g) + 5* -> C* + 4H*,,Rh6W6,101,-0.902104587
17562,CH4(g) + 5* -> C* + 4H*,,Cu3Ni9,111,0.658383515,,,,,,,55004,CH4(g) + 5* -> C* + 4H*,,Nb6Ni6,101,-1.120469276
14418,CH4(g) + 5* -> C* + 4H*,,Cu3Os9,111,0.190824999,,,,,,,55025,CH4(g) + 5* -> C* + 4H*,,Ir6W6,101,-0.542132401
80594,CH4(g) + 5* -> C* + 4H*,,Cu3Pb9,111,6.39201516,,,,,,,55035,CH4(g) + 5* -> C* + 4H*,,Re6Tc6,101,-1.036228818
16382,CH4(g) + 5* -> C* + 4H*,,Cu3Pd9,111,1.753428378,,,,,,,55036,CH4(g) + 5* -> C* + 4H*,,La6Re6,101,-1.912200136
15814,CH4(g) + 5* -> C* + 4H*,,Cu3Pt9,111,1.153086201,,,,,,,55057,CH4(g) + 5* -> C* + 4H*,,In6Ir6,101,0.903007733
12596,CH4(g) + 5* -> C* + 4H*,,Cu3Re9,111,-0.953353283,,,,,,,55116,CH4(g) + 5* -> C* + 4H*,,Ga6Mo6,101,0.958445757
16707,CH4(g) + 5* -> C* + 4H*,,Cu3Rh9,111,-0.038362065,,,,,,,55178,CH4(g) + 5* -> C* + 4H*,,Cd6Zr6,101,-1.166183176
15117,CH4(g) + 5* -> C* + 4H*,,Cu3Ru9,111,-0.463107685,,,,,,,55182,CH4(g) + 5* -> C* + 4H*,,W6Y6,101,-3.210059198
6257,CH4(g) + 5* -> C* + 4H*,,Cu3Sc9,111,-3.16012386,,,,,,,55236,CH4(g) + 5* -> C* + 4H*,,Pt6Sn6,101,4.194394682
80651,CH4(g) + 5* -> C* + 4H*,,Cu3Sn9,111,8.360873886,,,,,,,55272,CH4(g) + 5* -> C* + 4H*,,La6Tl6,101,1.253083955
9688,CH4(g) + 5* -> C* + 4H*,,Cu3Ta9,111,-3.406227289,,,,,,,55284,CH4(g) + 5* -> C* + 4H*,,Fe6Ga6,101,2.80826053
44101,CH4(g) + 5* -> C* + 4H*,,Cu3Tc9,111,-0.959061959,,,,,,,55290,CH4(g) + 5* -> C* + 4H*,,Ga6Pd6,101,5.635291064
8893,CH4(g) + 5* -> C* + 4H*,,Cu3Ti9,111,-2.919682575,,,,,,,55304,CH4(g) + 5* -> C* + 4H*,,Mo6Ni6,101,-0.532320792
83185,CH4(g) + 5* -> C* + 4H*,,Cu3Tl9,111,5.528438627,,,,,,,55331,CH4(g) + 5* -> C* + 4H*,,Au6Pt6,101,1.633858836
9981,CH4(g) + 5* -> C* + 4H*,,Cu3V9,111,-3.01487616,,,,,,,55412,CH4(g) + 5* -> C* + 4H*,,Al6Fe6,101,0.758535421
12118,CH4(g) + 5* -> C* + 4H*,,Cu3W9,111,-2.784978062,,,,,,,55465,CH4(g) + 5* -> C* + 4H*,,Ru6Zn6,101,-0.697925192
88439,CH4(g) + 5* -> C* + 4H*,,Cu3Y9,111,-2.388552281,,,,,,,55533,CH4(g) + 5* -> C* + 4H*,,Ga6Hf6,101,-0.04075068
72511,CH4(g) + 5* -> C* + 4H*,,Cu3Zn9,111,6.475485672,,,,,,,55580,CH4(g) + 5* -> C* + 4H*,,Mn6Zr6,101,-2.249441973
6382,CH4(g) + 5* -> C* + 4H*,,Cu3Zr9,111,-2.70798522,,,,,,,55598,CH4(g) + 5* -> C* + 4H*,,Ga6Sn6,101,6.566020394
71343,CH4(g) + 5* -> C* + 4H*,,Cu9Fe3,111,1.953618719,,,,,,,55604,CH4(g) + 5* -> C* + 4H*,,Nb6Pd6,101,-0.521063579
16456,CH4(g) + 5* -> C* + 4H*,,Cu9Ga3,111,4.127973055,,,,,,,55630,CH4(g) + 5* -> C* + 4H*,,Fe6Hg6,101,2.951653094
70664,CH4(g) + 5* -> C* + 4H*,,Cu9Hf3,111,1.659560668,,,,,,,55635,CH4(g) + 5* -> C* + 4H*,,Bi6Pd6,101,5.977932184
16420,CH4(g) + 5* -> C* + 4H*,,Cu9Hg3,111,4.580322175,,,,,,,55637,CH4(g) + 5* -> C* + 4H*,,Mo6Ti6,101,-3.439399871
16473,CH4(g) + 5* -> C* + 4H*,,Cu9In3,111,4.280932734,,,,,,,55651,CH4(g) + 5* -> C* + 4H*,,Hg6Ti6,101,-0.647448756
71981,CH4(g) + 5* -> C* + 4H*,,Cu9Ir3,111,0.500840894,,,,,,,55697,CH4(g) + 5* -> C* + 4H*,,Mo6Rh6,101,-0.805060085
71315,CH4(g) + 5* -> C* + 4H*,,Cu9La3,111,1.381977342,,,,,,,55700,CH4(g) + 5* -> C* + 4H*,,Au6Zn6,101,6.244904704
71204,CH4(g) + 5* -> C* + 4H*,,Cu9Mn3,111,2.588907252,,,,,,,55792,CH4(g) + 5* -> C* + 4H*,,In6Sn6,101,6.754627938
70666,CH4(g) + 5* -> C* + 4H*,,Cu9Mo3,111,0.277382915,,,,,,,55835,CH4(g) + 5* -> C* + 4H*,,Ag6Re6,101,-1.018422777
72412,CH4(g) + 5* -> C* + 4H*,,Cu9Nb3,111,0.899378959,,,,,,,55842,CH4(g) + 5* -> C* + 4H*,,Rh6Tc6,101,-0.534965602
43462,CH4(g) + 5* -> C* + 4H*,,Cu9Ni3,111,2.876740426,,,,,,,55855,CH4(g) + 5* -> C* + 4H*,,Tc6Ti6,101,-1.876857718
71224,CH4(g) + 5* -> C* + 4H*,,Cu9Ni3,111,2.626301543,,,,,,,55880,CH4(g) + 5* -> C* + 4H*,,Cu6Ti6,101,-0.856978316
59864,CH4(g) + 5* -> C* + 4H*,,Cu9Os3,111,-0.625002085,,,,,,,55899,CH4(g) + 5* -> C* + 4H*,,Cr6Sn6,101,1.987655535
71919,CH4(g) + 5* -> C* + 4H*,,Cu9Pd3,111,3.845282968,,,,,,,55927,CH4(g) + 5* -> C* + 4H*,,Al6Cd6,101,4.057729589
71387,CH4(g) + 5* -> C* + 4H*,,Cu9Pt3,111,2.872244426,,,,,,,55930,CH4(g) + 5* -> C* + 4H*,,Hf6W6,101,-2.755849228
70690,CH4(g) + 5* -> C* + 4H*,,Cu9Re3,111,-0.816940575,,,,,,,56037,CH4(g) + 5* -> C* + 4H*,,Cu6Pt6,101,1.343482077
72627,CH4(g) + 5* -> C* + 4H*,,Cu9Rh3,111,1.406438199,,,,,,,56137,CH4(g) + 5* -> C* + 4H*,,Bi6Y6,101,2.065981326
71362,CH4(g) + 5* -> C* + 4H*,,Cu9Ru3,111,0.286665534,,,,,,,56138,CH4(g) + 5* -> C* + 4H*,,Au6Sn6,101,6.451643601
71851,CH4(g) + 5* -> C* + 4H*,,Cu9Sc3,111,1.991469618,,,,,,,56149,CH4(g) + 5* -> C* + 4H*,,Cd6Re6,101,-0.931365804
60564,CH4(g) + 5* -> C* + 4H*,,Cu9Sn3,111,4.908914873,,,,,,,56202,CH4(g) + 5* -> C* + 4H*,,Rh6Zn6,101,0.491948758
71852,CH4(g) + 5* -> C* + 4H*,,Cu9Ta3,111,0.661709562,,,,,,,56282,CH4(g) + 5* -> C* + 4H*,,La6Ru6,101,-2.254595673
61144,CH4(g) + 5* -> C* + 4H*,,Cu9Tc3,111,-0.051960546,,,,,,,56292,CH4(g) + 5* -> C* + 4H*,,Fe6Sn6,101,3.177946228
71316,CH4(g) + 5* -> C* + 4H*,,Cu9Ti3,111,1.635663087,,,,,,,56349,CH4(g) + 5* -> C* + 4H*,,Hf6Pd6,101,-1.788911478
73023,CH4(g) + 5* -> C* + 4H*,,Cu9V3,111,0.970638498,,,,,,,56370,CH4(g) + 5* -> C* + 4H*,,Ir6Sn6,101,3.297050999
59225,CH4(g) + 5* -> C* + 4H*,,Cu9W3,111,-0.20135771,,,,,,,56408,CH4(g) + 5* -> C* + 4H*,,Ir6Pb6,101,1.8974566
70663,CH4(g) + 5* -> C* + 4H*,,Cu9Y3,111,1.911213043,,,,,,,56451,CH4(g) + 5* -> C* + 4H*,,Au6W6,101,-1.100248361
71921,CH4(g) + 5* -> C* + 4H*,,Cu9Zn3,111,4.200650308,,,,,,,56453,CH4(g) + 5* -> C* + 4H*,,Hf6Ti6,101,-3.196713103
59266,CH4(g) + 5* -> C* + 4H*,,Cu9Zr3,111,1.515962386,,,,,,,56505,CH4(g) + 5* -> C* + 4H*,,Pt6Ru6,101,0.652122311
43259,CH4(g) + 5* -> C* + 4H*,,Fe12,111,-1.514191741,,,,,,,56552,CH4(g) + 5* -> C* + 4H*,,Mo6Zn6,101,-0.43539738
75957,CH4(g) + 5* -> C* + 4H*,,Fe3Ga9,111,6.110036106,,,,,,,56631,CH4(g) + 5* -> C* + 4H*,,Ag6Tc6,101,0.005940653
76508,CH4(g) + 5* -> C* + 4H*,,Fe3In9,111,6.510420871,,,,,,,56642,CH4(g) + 5* -> C* + 4H*,,Al6Sc6,101,-1.203291204
15264,CH4(g) + 5* -> C* + 4H*,,Fe3Ir9,111,1.078844022,,,,,,,56651,CH4(g) + 5* -> C* + 4H*,,Al6Ti6,101,-0.921114052
869,CH4(g) + 5* -> C* + 4H*,,Fe3La9,111,-0.525822441,,,,,,,56708,CH4(g) + 5* -> C* + 4H*,,Tc6Zr6,101,-2.924190686
8845,CH4(g) + 5* -> C* + 4H*,,Fe3Mo9,111,-1.982005771,,,,,,,56799,CH4(g) + 5* -> C* + 4H*,,Ag6In6,101,7.260805529
3344,CH4(g) + 5* -> C* + 4H*,,Fe3Nb9,111,-2.410504113,,,,,,,56918,CH4(g) + 5* -> C* + 4H*,,Cr6Ir6,101,-0.471614372
15563,CH4(g) + 5* -> C* + 4H*,,Fe3Ni9,111,1.378040263,,,,,,,56919,CH4(g) + 5* -> C* + 4H*,,Hf6Pb6,101,-0.045926693
13869,CH4(g) + 5* -> C* + 4H*,,Fe3Os9,111,0.21174171,,,,,,,56920,CH4(g) + 5* -> C* + 4H*,,Os6Tc6,101,-0.775837915
72882,CH4(g) + 5* -> C* + 4H*,,Fe3Pd9,111,2.333556578,,,,,,,56921,CH4(g) + 5* -> C* + 4H*,,Al6Tc6,101,-1.037211421
78048,CH4(g) + 5* -> C* + 4H*,,Fe3Pt9,111,1.467465849,,,,,,,56940,CH4(g) + 5* -> C* + 4H*,,Ru6Ti6,101,-1.452423533
12637,CH4(g) + 5* -> C* + 4H*,,Fe3Re9,111,-0.868474445,,,,,,,56943,CH4(g) + 5* -> C* + 4H*,,Cr6Sc6,101,-3.065401033
15128,CH4(g) + 5* -> C* + 4H*,,Fe3Rh9,111,0.795638823,,,,,,,56951,CH4(g) + 5* -> C* + 4H*,,La6Rh6,101,-0.974648912
14639,CH4(g) + 5* -> C* + 4H*,,Fe3Ru9,111,-0.278200617,,,,,,,56954,CH4(g) + 5* -> C* + 4H*,,Nb6Ru6,101,-0.976722691
3736,CH4(g) + 5* -> C* + 4H*,,Fe3Sc9,111,-2.632130902,,,,,,,56956,CH4(g) + 5* -> C* + 4H*,,Cd6Ir6,101,-0.152056124
11317,CH4(g) + 5* -> C* + 4H*,,Fe3Ta9,111,-2.932344032,,,,,,,57052,CH4(g) + 5* -> C* + 4H*,,Mn6Rh6,101,8.341623601
61181,CH4(g) + 5* -> C* + 4H*,,Fe3Tc9,111,-1.087151113,,,,,,,57248,CH4(g) + 5* -> C* + 4H*,,In6Ti6,101,-0.29437452
11435,CH4(g) + 5* -> C* + 4H*,,Fe3W9,111,-2.40868476,,,,,,,57254,CH4(g) + 5* -> C* + 4H*,,Hf6Tl6,101,1.781291338
73496,CH4(g) + 5* -> C* + 4H*,,Fe3Zn9,111,3.025681528,,,,,,,57309,CH4(g) + 5* -> C* + 4H*,,Cd6Fe6,101,0.966686044
5556,CH4(g) + 5* -> C* + 4H*,,Fe3Zr9,111,-2.42047831,,,,,,,57340,CH4(g) + 5* -> C* + 4H*,,Al6Ta6,101,-0.812813016
17202,CH4(g) + 5* -> C* + 4H*,,Fe9Ga3,111,0.706023981,,,,,,,57362,CH4(g) + 5* -> C* + 4H*,,Hf6Rh6,101,0.252517833
69760,CH4(g) + 5* -> C* + 4H*,,Fe9Hf3,111,-1.551947809,,,,,,,57364,CH4(g) + 5* -> C* + 4H*,,Ni6Os6,101,0.264977109
69261,CH4(g) + 5* -> C* + 4H*,,Fe9La3,111,-0.110491824,,,,,,,57418,CH4(g) + 5* -> C* + 4H*,,La6Mo6,101,-2.713880838
70401,CH4(g) + 5* -> C* + 4H*,,Fe9Mo3,111,-0.860810224,,,,,,,57466,CH4(g) + 5* -> C* + 4H*,,Pb6Zn6,101,6.093805196
69263,CH4(g) + 5* -> C* + 4H*,,Fe9Nb3,111,-1.255502911,,,,,,,57467,CH4(g) + 5* -> C* + 4H*,,Tc6Zn6,101,0.546286491
17756,CH4(g) + 5* -> C* + 4H*,,Fe9Pb3,111,4.132218847,,,,,,,57468,CH4(g) + 5* -> C* + 4H*,,Hg6Pd6,101,5.80202705
69759,CH4(g) + 5* -> C* + 4H*,,Fe9Sc3,111,-0.966915981,,,,,,,57469,CH4(g) + 5* -> C* + 4H*,,Au6Zr6,101,-0.499311206
44635,CH4(g) + 5* -> C* + 4H*,,Fe9Sn3,111,2.504976187,,,,,,,57470,CH4(g) + 5* -> C* + 4H*,,Al6Cu6,101,5.278436486
44093,CH4(g) + 5* -> C* + 4H*,,Fe9Ta3,111,-1.298844931,,,,,,,57471,CH4(g) + 5* -> C* + 4H*,,Ir6Ta6,101,-1.185321759
60538,CH4(g) + 5* -> C* + 4H*,,Fe9Ti3,111,-1.763607748,,,,,,,57472,CH4(g) + 5* -> C* + 4H*,,Ag6Ir6,101,0.479133421
17490,CH4(g) + 5* -> C* + 4H*,,Fe9Tl3,111,3.183331633,,,,,,,57473,CH4(g) + 5* -> C* + 4H*,,Mn6Y6,101,-1.214854138
69761,CH4(g) + 5* -> C* + 4H*,,Fe9V3,111,-1.165315405,,,,,,,57474,CH4(g) + 5* -> C* + 4H*,,Co6Pt6,101,1.677413785
71031,CH4(g) + 5* -> C* + 4H*,,Fe9W3,111,-0.944347539,,,,,,,57475,CH4(g) + 5* -> C* + 4H*,,Pt6V6,101,-0.118113733
69321,CH4(g) + 5* -> C* + 4H*,,Fe9Y3,111,-0.203209036,,,,,,,57476,CH4(g) + 5* -> C* + 4H*,,Al6Cr6,101,-0.207943681
15934,CH4(g) + 5* -> C* + 4H*,,Fe9Zn3,111,2.596220311,,,,,,,57478,CH4(g) + 5* -> C* + 4H*,,In6Rh6,101,2.646221365
69262,CH4(g) + 5* -> C* + 4H*,,Fe9Zr3,111,-0.991413437,,,,,,,57511,CH4(g) + 5* -> C* + 4H*,,Tc6Y6,101,-3.361330274
63050,CH4(g) + 5* -> C* + 4H*,,Ga12,111,6.10094832,,,,,,,57525,CH4(g) + 5* -> C* + 4H*,,Fe6Pd6,101,2.862698944
13340,CH4(g) + 5* -> C* + 4H*,,Ga3Hf9,111,-2.956762168,,,,,,,57642,CH4(g) + 5* -> C* + 4H*,,Tl6Zr6,101,1.881547328
76943,CH4(g) + 5* -> C* + 4H*,,Ga3In9,111,7.296852586,,,,,,,57854,CH4(g) + 5* -> C* + 4H*,,Ti6Zr6,101,-3.10398419
18446,CH4(g) + 5* -> C* + 4H*,,Ga3Ir9,111,0.299485906,,,,,,,57857,CH4(g) + 5* -> C* + 4H*,,Rh6Y6,101,-0.818868365
1264,CH4(g) + 5* -> C* + 4H*,,Ga3La9,111,-0.693202657,,,,,,,57964,CH4(g) + 5* -> C* + 4H*,,Cu6Sn6,101,5.093962352
10156,CH4(g) + 5* -> C* + 4H*,,Ga3Mo9,111,-2.035644034,,,,,,,58010,CH4(g) + 5* -> C* + 4H*,,Os6Rh6,101,0.233940349
3836,CH4(g) + 5* -> C* + 4H*,,Ga3Nb9,111,-2.818790927,,,,,,,58011,CH4(g) + 5* -> C* + 4H*,,Os6Re6,101,-0.489434971
15652,CH4(g) + 5* -> C* + 4H*,,Ga3Ni9,111,0.158626449,,,,,,,58159,CH4(g) + 5* -> C* + 4H*,,Ag6Fe6,101,1.239421935
14491,CH4(g) + 5* -> C* + 4H*,,Ga3Os9,111,-0.125221755,,,,,,,58202,CH4(g) + 5* -> C* + 4H*,,Re6Sn6,101,-0.148116596
78985,CH4(g) + 5* -> C* + 4H*,,Ga3Pb9,111,7.43584194,,,,,,,58203,CH4(g) + 5* -> C* + 4H*,,Pd6Ti6,101,-0.331844867
18176,CH4(g) + 5* -> C* + 4H*,,Ga3Pd9,111,2.34260654,,,,,,,58204,CH4(g) + 5* -> C* + 4H*,,Al6Ru6,101,-0.288558086
15817,CH4(g) + 5* -> C* + 4H*,,Ga3Pt9,111,1.174045497,,,,,,,58205,CH4(g) + 5* -> C* + 4H*,,La6Sc6,101,-2.272647977
13702,CH4(g) + 5* -> C* + 4H*,,Ga3Re9,111,-0.7904873,,,,,,,58206,CH4(g) + 5* -> C* + 4H*,,Pt6Zr6,101,-1.16500642
15148,CH4(g) + 5* -> C* + 4H*,,Ga3Rh9,111,0.162151412,,,,,,,58207,CH4(g) + 5* -> C* + 4H*,,V6Zn6,101,-0.723510288
15121,CH4(g) + 5* -> C* + 4H*,,Ga3Ru9,111,-0.409489966,,,,,,,58208,CH4(g) + 5* -> C* + 4H*,,Co6W6,101,-1.212769338
3798,CH4(g) + 5* -> C* + 4H*,,Ga3Sc9,111,-2.764609252,,,,,,,58210,CH4(g) + 5* -> C* + 4H*,,Pb6Pd6,101,4.834479766
78971,CH4(g) + 5* -> C* + 4H*,,Ga3Sn9,111,6.702253371,,,,,,,58212,CH4(g) + 5* -> C* + 4H*,,Nb6Pb6,101,1.596269846
14047,CH4(g) + 5* -> C* + 4H*,,Ga3Ta9,111,-3.11729872,,,,,,,58213,CH4(g) + 5* -> C* + 4H*,,Fe6Y6,101,-2.448270384
13642,CH4(g) + 5* -> C* + 4H*,,Ga3Tc9,111,-0.640726047,,,,,,,58214,CH4(g) + 5* -> C* + 4H*,,Ru6Tl6,101,0.396928375
8898,CH4(g) + 5* -> C* + 4H*,,Ga3Ti9,111,-2.95417314,,,,,,,58216,CH4(g) + 5* -> C* + 4H*,,Ni6Y6,101,-0.739201324
77291,CH4(g) + 5* -> C* + 4H*,,Ga3Tl9,111,7.769877732,,,,,,,58297,CH4(g) + 5* -> C* + 4H*,,Y6Zn6,101,-0.872780239
4897,CH4(g) + 5* -> C* + 4H*,,Ga3V9,111,-2.840325336,,,,,,,58315,CH4(g) + 5* -> C* + 4H*,,Co6Rh6,101,0.632284396
12089,CH4(g) + 5* -> C* + 4H*,,Ga3W9,111,-2.261001913,,,,,,,58521,CH4(g) + 5* -> C* + 4H*,,Nb6Sc6,101,-2.452264607
88141,CH4(g) + 5* -> C* + 4H*,,Ga3Y9,111,-2.337043172,,,,,,,58556,CH4(g) + 5* -> C* + 4H*,,Cd6Ru6,101,0.85677736
61738,CH4(g) + 5* -> C* + 4H*,,Ga3Zn9,111,5.386223908,,,,,,,58632,CH4(g) + 5* -> C* + 4H*,,Pb6Ru6,101,1.491148053
44096,CH4(g) + 5* -> C* + 4H*,,Ga3Zr9,111,-2.946046188,,,,,,,58770,CH4(g) + 5* -> C* + 4H*,,Ga6Mn6,101,2.221226081
61147,CH4(g) + 5* -> C* + 4H*,,Ga9In3,111,5.940498436,,,,,,,58771,CH4(g) + 5* -> C* + 4H*,,Nb6Re6,101,-2.736829423
76014,CH4(g) + 5* -> C* + 4H*,,Ga9La3,111,3.329101384,,,,,,,58772,CH4(g) + 5* -> C* + 4H*,,Cu6Pd6,101,1.889376588
76157,CH4(g) + 5* -> C* + 4H*,,Ga9Mn3,111,5.034433776,,,,,,,58784,CH4(g) + 5* -> C* + 4H*,,Ag6Mn6,101,13.37473694
75465,CH4(g) + 5* -> C* + 4H*,,Ga9Mo3,111,4.76074712,,,,,,,58816,CH4(g) + 5* -> C* + 4H*,,Co6Pb6,101,1.735689412
77236,CH4(g) + 5* -> C* + 4H*,,Ga9Nb3,111,3.337642085,,,,,,,58895,CH4(g) + 5* -> C* + 4H*,,Pt6Re6,101,-0.122433268
75492,CH4(g) + 5* -> C* + 4H*,,Ga9Ni3,111,6.042733918,,,,,,,58997,CH4(g) + 5* -> C* + 4H*,,Hf6Ni6,101,-2.23135647
76016,CH4(g) + 5* -> C* + 4H*,,Ga9Os3,111,1.993175228,,,,,,,59050,CH4(g) + 5* -> C* + 4H*,,Ir6La6,101,-1.877837192
79049,CH4(g) + 5* -> C* + 4H*,,Ga9Pb3,111,6.099565301,,,,,,,59367,CH4(g) + 5* -> C* + 4H*,,In6V6,101,-0.015920973
76456,CH4(g) + 5* -> C* + 4H*,,Ga9Pd3,111,6.166443808,,,,,,,59601,CH4(g) + 5* -> C* + 4H*,,Hf6Os6,101,-2.863662907
76455,CH4(g) + 5* -> C* + 4H*,,Ga9Pt3,111,4.288241031,,,,,,,59926,CH4(g) + 5* -> C* + 4H*,,Sc6W6,101,-3.032660023
75468,CH4(g) + 5* -> C* + 4H*,,Ga9Rh3,111,5.176911358,,,,,,,60148,CH4(g) + 5* -> C* + 4H*,,Cr6Ga6,101,1.283953774
76237,CH4(g) + 5* -> C* + 4H*,,Ga9Ru3,111,4.369972463,,,,,,,60527,CH4(g) + 5* -> C* + 4H*,,Ga6Tc6,101,-0.073866254
75395,CH4(g) + 5* -> C* + 4H*,,Ga9Sc3,111,4.398362781,,,,,,,60722,CH4(g) + 5* -> C* + 4H*,,Fe6Zn6,101,0.907477611
79817,CH4(g) + 5* -> C* + 4H*,,Ga9Sn3,111,6.476914813,,,,,,,61005,CH4(g) + 5* -> C* + 4H*,,Ir6Pd6,101,0.092021145
76344,CH4(g) + 5* -> C* + 4H*,,Ga9Ta3,111,2.211650938,,,,,,,61333,CH4(g) + 5* -> C* + 4H*,,Cu6Zn6,101,4.88047027
75467,CH4(g) + 5* -> C* + 4H*,,Ga9Tc3,111,4.492422194,,,,,,,61601,CH4(g) + 5* -> C* + 4H*,,La6Os6,101,3.702176667
18872,CH4(g) + 5* -> C* + 4H*,,Ga9Ti3,111,5.669097263,,,,,,,61949,CH4(g) + 5* -> C* + 4H*,,Rh6Ru6,101,0.181986198
18798,CH4(g) + 5* -> C* + 4H*,,Ga9Tl3,111,5.757388544,,,,,,,62128,CH4(g) + 5* -> C* + 4H*,,Au6Pb6,101,6.777648633
77899,CH4(g) + 5* -> C* + 4H*,,Ga9V3,111,3.59920226,,,,,,,62269,CH4(g) + 5* -> C* + 4H*,,Co6Cu6,101,1.104539732
75462,CH4(g) + 5* -> C* + 4H*,,Ga9Y3,111,3.885459487,,,,,,,62385,CH4(g) + 5* -> C* + 4H*,,Au6Cu6,101,5.052809352
76459,CH4(g) + 5* -> C* + 4H*,,Ga9Zn3,111,5.561758422,,,,,,,62501,CH4(g) + 5* -> C* + 4H*,,In6Pd6,101,5.742620246
75464,CH4(g) + 5* -> C* + 4H*,,Ga9Zr3,111,5.458529588,,,,,,,62617,CH4(g) + 5* -> C* + 4H*,,La6Sn6,101,1.31692744
62530,CH4(g) + 5* -> C* + 4H*,,Hf12,111,-3.037097384,,,,,,,63597,CH4(g) + 5* -> C* + 4H*,,Cr6Rh6,101,-0.692672579
73936,CH4(g) + 5* -> C* + 4H*,,Hf3Hg9,111,3.72100436,,,,,,,63903,CH4(g) + 5* -> C* + 4H*,,Ta6Ti6,101,-3.072829741
76462,CH4(g) + 5* -> C* + 4H*,,Hf3In9,111,2.888530575,,,,,,,88169,CH4(g) + 5* -> C* + 4H*,,Ru6Y6,101,-2.789793933
59815,CH4(g) + 5* -> C* + 4H*,,Hf3Ir9,111,-1.273625012,,,,,,,88180,CH4(g) + 5* -> C* + 4H*,,Ag6Y6,101,-1.371958518
63039,CH4(g) + 5* -> C* + 4H*,,Hf3La9,111,-1.786198095,,,,,,,,,,,,
65923,CH4(g) + 5* -> C* + 4H*,,Hf3Mo9,111,1.163332375,,,,,,,,,,,,
66316,CH4(g) + 5* -> C* + 4H*,,Hf3Os9,111,-2.106855001,,,,,,,,,,,,
77847,CH4(g) + 5* -> C* + 4H*,,Hf3Pb9,111,2.356512237,,,,,,,,,,,,
45227,CH4(g) + 5* -> C* + 4H*,,Hf3Pd9,111,2.461988187,,,,,,,,,,,,
71641,CH4(g) + 5* -> C* + 4H*,,Hf3Pt9,111,1.944781278,,,,,,,,,,,,
67800,CH4(g) + 5* -> C* + 4H*,,Hf3Re9,111,-2.871424138,,,,,,,,,,,,
44092,CH4(g) + 5* -> C* + 4H*,,Hf3Rh9,111,-1.286852602,,,,,,,,,,,,
67213,CH4(g) + 5* -> C* + 4H*,,Hf3Ru9,111,-1.975413541,,,,,,,,,,,,
63921,CH4(g) + 5* -> C* + 4H*,,Hf3Sc9,111,-2.826792979,,,,,,,,,,,,
81958,CH4(g) + 5* -> C* + 4H*,,Hf3Sn9,111,2.979217138,,,,,,,,,,,,
67941,CH4(g) + 5* -> C* + 4H*,,Hf3Tc9,111,-2.300204537,,,,,,,,,,,,
44097,CH4(g) + 5* -> C* + 4H*,,Hf3Ti9,111,-2.820305649,,,,,,,,,,,,
66472,CH4(g) + 5* -> C* + 4H*,,Hf3V9,111,-3.237632494,,,,,,,,,,,,
65309,CH4(g) + 5* -> C* + 4H*,,Hf3W9,111,-2.942775244,,,,,,,,,,,,
63658,CH4(g) + 5* -> C* + 4H*,,Hf3Y9,111,-2.713240146,,,,,,,,,,,,
73089,CH4(g) + 5* -> C* + 4H*,,Hf3Zn9,111,1.273185549,,,,,,,,,,,,
64951,CH4(g) + 5* -> C* + 4H*,,Hf3Zr9,111,-2.819701556,,,,,,,,,,,,
10982,CH4(g) + 5* -> C* + 4H*,,Hf9Hg3,111,-3.53446665,,,,,,,,,,,,
7269,CH4(g) + 5* -> C* + 4H*,,Hf9In3,111,-3.306972542,,,,,,,,,,,,
8857,CH4(g) + 5* -> C* + 4H*,,Hf9Ir3,111,-3.346898173,,,,,,,,,,,,
64402,CH4(g) + 5* -> C* + 4H*,,Hf9La3,111,-2.882124743,,,,,,,,,,,,
7266,CH4(g) + 5* -> C* + 4H*,,Hf9Mn3,111,-2.678351207,,,,,,,,,,,,
6663,CH4(g) + 5* -> C* + 4H*,,Hf9Mo3,111,-3.456680188,,,,,,,,,,,,
63127,CH4(g) + 5* -> C* + 4H*,,Hf9Nb3,111,-3.222915761,,,,,,,,,,,,
7225,CH4(g) + 5* -> C* + 4H*,,Hf9Os3,111,-3.454658518,,,,,,,,,,,,
7306,CH4(g) + 5* -> C* + 4H*,,Hf9Pb3,111,-3.32763401,,,,,,,,,,,,
7283,CH4(g) + 5* -> C* + 4H*,,Hf9Pd3,111,-3.210316346,,,,,,,,,,,,
7915,CH4(g) + 5* -> C* + 4H*,,Hf9Pt3,111,-3.225997178,,,,,,,,,,,,
9803,CH4(g) + 5* -> C* + 4H*,,Hf9Rh3,111,-3.377927722,,,,,,,,,,,,
7989,CH4(g) + 5* -> C* + 4H*,,Hf9Ru3,111,-3.631632924,,,,,,,,,,,,
43518,CH4(g) + 5* -> C* + 4H*,,Hf9Sc3,111,-3.136097976,,,,,,,,,,,,
7853,CH4(g) + 5* -> C* + 4H*,,Hf9Sn3,111,-3.073286484,,,,,,,,,,,,
63041,CH4(g) + 5* -> C* + 4H*,,Hf9Ta3,111,-3.348823923,,,,,,,,,,,,
7206,CH4(g) + 5* -> C* + 4H*,,Hf9Tc3,111,-3.434978701,,,,,,,,,,,,
63159,CH4(g) + 5* -> C* + 4H*,,Hf9Ti3,111,-3.160588086,,,,,,,,,,,,
7356,CH4(g) + 5* -> C* + 4H*,,Hf9Tl3,111,-3.499580431,,,,,,,,,,,,
43515,CH4(g) + 5* -> C* + 4H*,,Hf9V3,111,-3.4626471,,,,,,,,,,,,
7239,CH4(g) + 5* -> C* + 4H*,,Hf9W3,111,-3.592006618,,,,,,,,,,,,
63899,CH4(g) + 5* -> C* + 4H*,,Hf9Y3,111,-3.363243915,,,,,,,,,,,,
8653,CH4(g) + 5* -> C* + 4H*,,Hf9Zn3,111,-3.033402214,,,,,,,,,,,,
59874,CH4(g) + 5* -> C* + 4H*,,Hf9Zr3,111,-2.985504056,,,,,,,,,,,,
76896,CH4(g) + 5* -> C* + 4H*,,Hg3In9,111,7.217132619,,,,,,,,,,,,
18105,CH4(g) + 5* -> C* + 4H*,,Hg3Ir9,111,-0.623927236,,,,,,,,,,,,
1261,CH4(g) + 5* -> C* + 4H*,,Hg3La9,111,-1.188249976,,,,,,,,,,,,
10152,CH4(g) + 5* -> C* + 4H*,,Hg3Mo9,111,-2.155120649,,,,,,,,,,,,
4565,CH4(g) + 5* -> C* + 4H*,,Hg3Nb9,111,-3.480685799,,,,,,,,,,,,
80595,CH4(g) + 5* -> C* + 4H*,,Hg3Pb9,111,7.901741513,,,,,,,,,,,,
17436,CH4(g) + 5* -> C* + 4H*,,Hg3Pd9,111,1.65257605,,,,,,,,,,,,
59221,CH4(g) + 5* -> C* + 4H*,,Hg3Pt9,111,0.837364078,,,,,,,,,,,,
12597,CH4(g) + 5* -> C* + 4H*,,Hg3Re9,111,-1.258646098,,,,,,,,,,,,
17348,CH4(g) + 5* -> C* + 4H*,,Hg3Rh9,111,-0.144437753,,,,,,,,,,,,
44099,CH4(g) + 5* -> C* + 4H*,,Hg3Ru9,111,-0.673099567,,,,,,,,,,,,
4747,CH4(g) + 5* -> C* + 4H*,,Hg3Sc9,111,-3.264741155,,,,,,,,,,,,
78970,CH4(g) + 5* -> C* + 4H*,,Hg3Sn9,111,6.66135058,,,,,,,,,,,,
12328,CH4(g) + 5* -> C* + 4H*,,Hg3Ta9,111,-3.737281802,,,,,,,,,,,,
13687,CH4(g) + 5* -> C* + 4H*,,Hg3Tc9,111,-0.907665777,,,,,,,,,,,,
8896,CH4(g) + 5* -> C* + 4H*,,Hg3Ti9,111,-3.499968738,,,,,,,,,,,,
83678,CH4(g) + 5* -> C* + 4H*,,Hg3Tl9,111,8.355306845,,,,,,,,,,,,
4817,CH4(g) + 5* -> C* + 4H*,,Hg3V9,111,-3.153767961,,,,,,,,,,,,
11405,CH4(g) + 5* -> C* + 4H*,,Hg3W9,111,-3.030803663,,,,,,,,,,,,
88140,CH4(g) + 5* -> C* + 4H*,,Hg3Y9,111,-2.711477257,,,,,,,,,,,,
18353,CH4(g) + 5* -> C* + 4H*,,Hg3Zn9,111,5.201707731,,,,,,,,,,,,
6384,CH4(g) + 5* -> C* + 4H*,,Hg3Zr9,111,-3.368107542,,,,,,,,,,,,
18704,CH4(g) + 5* -> C* + 4H*,,Hg9In3,111,9.018042548,,,,,,,,,,,,
74506,CH4(g) + 5* -> C* + 4H*,,Hg9Ir3,111,4.02483674,,,,,,,,,,,,
73935,CH4(g) + 5* -> C* + 4H*,,Hg9La3,111,5.094572975,,,,,,,,,,,,
74575,CH4(g) + 5* -> C* + 4H*,,Hg9Mo3,111,1.37759522,,,,,,,,,,,,
73939,CH4(g) + 5* -> C* + 4H*,,Hg9Nb3,111,2.732686898,,,,,,,,,,,,
74577,CH4(g) + 5* -> C* + 4H*,,Hg9Os3,111,-0.978779055,,,,,,,,,,,,
18706,CH4(g) + 5* -> C* + 4H*,,Hg9Pb3,111,7.865947386,,,,,,,,,,,,
74579,CH4(g) + 5* -> C* + 4H*,,Hg9Pd3,111,8.08687185,,,,,,,,,,,,
76191,CH4(g) + 5* -> C* + 4H*,,Hg9Pt3,111,5.82280852,,,,,,,,,,,,
74576,CH4(g) + 5* -> C* + 4H*,,Hg9Re3,111,-0.977127869,,,,,,,,,,,,
75073,CH4(g) + 5* -> C* + 4H*,,Hg9Rh3,111,5.990272955,,,,,,,,,,,,
61085,CH4(g) + 5* -> C* + 4H*,,Hg9Ru3,111,1.276620305,,,,,,,,,,,,
74525,CH4(g) + 5* -> C* + 4H*,,Hg9Sc3,111,6.125892043,,,,,,,,,,,,
18612,CH4(g) + 5* -> C* + 4H*,,Hg9Sn3,111,8.957117485,,,,,,,,,,,,
73938,CH4(g) + 5* -> C* + 4H*,,Hg9Ta3,111,4.167840725,,,,,,,,,,,,
75145,CH4(g) + 5* -> C* + 4H*,,Hg9Tc3,111,0.647895839,,,,,,,,,,,,
73937,CH4(g) + 5* -> C* + 4H*,,Hg9Ti3,111,3.373145729,,,,,,,,,,,,
18705,CH4(g) + 5* -> C* + 4H*,,Hg9Tl3,111,10.24703273,,,,,,,,,,,,
74526,CH4(g) + 5* -> C* + 4H*,,Hg9V3,111,3.081292753,,,,,,,,,,,,
75144,CH4(g) + 5* -> C* + 4H*,,Hg9W3,111,0.206455899,,,,,,,,,,,,
73934,CH4(g) + 5* -> C* + 4H*,,Hg9Y3,111,4.741106895,,,,,,,,,,,,
74581,CH4(g) + 5* -> C* + 4H*,,Hg9Zn3,111,9.305425919,,,,,,,,,,,,
75125,CH4(g) + 5* -> C* + 4H*,,Hg9Zr3,111,4.237438194,,,,,,,,,,,,
58778,CH4(g) + 5* -> C* + 4H*,,In12,111,8.311071748,,,,,,,,,,,,
18850,CH4(g) + 5* -> C* + 4H*,,In3Ir9,111,-0.519618382,,,,,,,,,,,,
59216,CH4(g) + 5* -> C* + 4H*,,In3La9,111,-0.929168485,,,,,,,,,,,,
10188,CH4(g) + 5* -> C* + 4H*,,In3Mo9,111,-1.92019865,,,,,,,,,,,,
43521,CH4(g) + 5* -> C* + 4H*,,In3Nb9,111,-3.030867474,,,,,,,,,,,,
16229,CH4(g) + 5* -> C* + 4H*,,In3Ni9,111,-0.02073385,,,,,,,,,,,,
59217,CH4(g) + 5* -> C* + 4H*,,In3Os9,111,-1.162912912,,,,,,,,,,,,
79652,CH4(g) + 5* -> C* + 4H*,,In3Pb9,111,7.864729677,,,,,,,,,,,,
18517,CH4(g) + 5* -> C* + 4H*,,In3Pd9,111,2.161587435,,,,,,,,,,,,
15839,CH4(g) + 5* -> C* + 4H*,,In3Pt9,111,0.992599854,,,,,,,,,,,,
14627,CH4(g) + 5* -> C* + 4H*,,In3Re9,111,-1.230534017,,,,,,,,,,,,
15645,CH4(g) + 5* -> C* + 4H*,,In3Rh9,111,-0.281139174,,,,,,,,,,,,
15122,CH4(g) + 5* -> C* + 4H*,,In3Ru9,111,-0.869372149,,,,,,,,,,,,
3655,CH4(g) + 5* -> C* + 4H*,,In3Sc9,111,-3.076445589,,,,,,,,,,,,
78972,CH4(g) + 5* -> C* + 4H*,,In3Sn9,111,6.64677317,,,,,,,,,,,,
820,CH4(g) + 5* -> C* + 4H*,,In3Ta9,111,-3.43466509,,,,,,,,,,,,
13643,CH4(g) + 5* -> C* + 4H*,,In3Tc9,111,-1.025828219,,,,,,,,,,,,
8920,CH4(g) + 5* -> C* + 4H*,,In3Ti9,111,-3.314517306,,,,,,,,,,,,
77292,CH4(g) + 5* -> C* + 4H*,,In3Tl9,111,8.133352159,,,,,,,,,,,,
4845,CH4(g) + 5* -> C* + 4H*,,In3V9,111,-2.693008483,,,,,,,,,,,,
12090,CH4(g) + 5* -> C* + 4H*,,In3W9,111,-2.557488444,,,,,,,,,,,,
88448,CH4(g) + 5* -> C* + 4H*,,In3Y9,111,-2.603969977,,,,,,,,,,,,
59875,CH4(g) + 5* -> C* + 4H*,,In3Zn9,111,5.25546763,,,,,,,,,,,,
6584,CH4(g) + 5* -> C* + 4H*,,In3Zr9,111,-3.255907115,,,,,,,,,,,,
76530,CH4(g) + 5* -> C* + 4H*,,In9Ir3,111,4.147719268,,,,,,,,,,,,
76502,CH4(g) + 5* -> C* + 4H*,,In9La3,111,4.523492288,,,,,,,,,,,,
76404,CH4(g) + 5* -> C* + 4H*,,In9Mn3,111,5.180063252,,,,,,,,,,,,
77345,CH4(g) + 5* -> C* + 4H*,,In9Nb3,111,2.318392082,,,,,,,,,,,,
80165,CH4(g) + 5* -> C* + 4H*,,In9Os3,111,3.336294033,,,,,,,,,,,,
77043,CH4(g) + 5* -> C* + 4H*,,In9Pb3,111,7.594351652,,,,,,,,,,,,
76469,CH4(g) + 5* -> C* + 4H*,,In9Pt3,111,3.884114429,,,,,,,,,,,,
78748,CH4(g) + 5* -> C* + 4H*,,In9Re3,111,0.671812196,,,,,,,,,,,,
44504,CH4(g) + 5* -> C* + 4H*,,In9Rh3,111,5.655349528,,,,,,,,,,,,
60539,CH4(g) + 5* -> C* + 4H*,,In9Ru3,111,4.718018308,,,,,,,,,,,,
77386,CH4(g) + 5* -> C* + 4H*,,In9Sc3,111,4.830633437,,,,,,,,,,,,
77682,CH4(g) + 5* -> C* + 4H*,,In9Sn3,111,6.816772889,,,,,,,,,,,,
76484,CH4(g) + 5* -> C* + 4H*,,In9Ta3,111,1.137128221,,,,,,,,,,,,
18860,CH4(g) + 5* -> C* + 4H*,,In9Tc3,111,1.84012752,,,,,,,,,,,,
79421,CH4(g) + 5* -> C* + 4H*,,In9Tc3,111,4.46393895,,,,,,,,,,,,
76463,CH4(g) + 5* -> C* + 4H*,,In9Ti3,111,3.673174638,,,,,,,,,,,,
77681,CH4(g) + 5* -> C* + 4H*,,In9Tl3,111,7.11237641,,,,,,,,,,,,
76485,CH4(g) + 5* -> C* + 4H*,,In9V3,111,2.651462278,,,,,,,,,,,,
78494,CH4(g) + 5* -> C* + 4H*,,In9W3,111,0.662003717,,,,,,,,,,,,
76550,CH4(g) + 5* -> C* + 4H*,,In9Y3,111,4.722346551,,,,,,,,,,,,
43516,CH4(g) + 5* -> C* + 4H*,,In9Zn3,111,5.895093521,,,,,,,,,,,,
78181,CH4(g) + 5* -> C* + 4H*,,In9Zr3,111,3.884769543,,,,,,,,,,,,
59212,CH4(g) + 5* -> C* + 4H*,,Ir12,111,0.593181501,,,,,,,,,,,,
865,CH4(g) + 5* -> C* + 4H*,,Ir3La9,111,-0.773952711,,,,,,,,,,,,
65324,CH4(g) + 5* -> C* + 4H*,,Ir3Mo9,111,-1.714281265,,,,,,,,,,,,
2836,CH4(g) + 5* -> C* + 4H*,,Ir3Nb9,111,-3.313872261,,,,,,,,,,,,
68933,CH4(g) + 5* -> C* + 4H*,,Ir3Ni9,111,0.633141418,,,,,,,,,,,,
65873,CH4(g) + 5* -> C* + 4H*,,Ir3Os9,111,0.526413064,,,,,,,,,,,,
77917,CH4(g) + 5* -> C* + 4H*,,Ir3Pb9,111,1.458579292,,,,,,,,,,,,
70492,CH4(g) + 5* -> C* + 4H*,,Ir3Pd9,111,0.133743679,,,,,,,,,,,,
76302,CH4(g) + 5* -> C* + 4H*,,Ir3Pt9,111,0.246886981,,,,,,,,,,,,
12499,CH4(g) + 5* -> C* + 4H*,,Ir3Re9,111,-1.209528326,,,,,,,,,,,,
68505,CH4(g) + 5* -> C* + 4H*,,Ir3Rh9,111,0.84015447,,,,,,,,,,,,
66677,CH4(g) + 5* -> C* + 4H*,,Ir3Ru9,111,0.197920504,,,,,,,,,,,,
3685,CH4(g) + 5* -> C* + 4H*,,Ir3Sc9,111,-2.746015986,,,,,,,,,,,,
81844,CH4(g) + 5* -> C* + 4H*,,Ir3Sn9,111,2.968758034,,,,,,,,,,,,
9735,CH4(g) + 5* -> C* + 4H*,,Ir3Ta9,111,-3.374499768,,,,,,,,,,,,
12776,CH4(g) + 5* -> C* + 4H*,,Ir3Tc9,111,-1.160543753,,,,,,,,,,,,
8336,CH4(g) + 5* -> C* + 4H*,,Ir3Ti9,111,-2.980212258,,,,,,,,,,,,
81109,CH4(g) + 5* -> C* + 4H*,,Ir3Tl9,111,6.886987783,,,,,,,,,,,,
6052,CH4(g) + 5* -> C* + 4H*,,Ir3V9,111,-2.871742376,,,,,,,,,,,,
11398,CH4(g) + 5* -> C* + 4H*,,Ir3W9,111,-2.320951585,,,,,,,,,,,,
72510,CH4(g) + 5* -> C* + 4H*,,Ir3Zn9,111,2.103634398,,,,,,,,,,,,
5878,CH4(g) + 5* -> C* + 4H*,,Ir3Zr9,111,-3.164570608,,,,,,,,,,,,
67217,CH4(g) + 5* -> C* + 4H*,,Ir9La3,111,-1.990826069,,,,,,,,,,,,
15161,CH4(g) + 5* -> C* + 4H*,,Ir9Mn3,111,0.244896604,,,,,,,,,,,,
67238,CH4(g) + 5* -> C* + 4H*,,Ir9Mo3,111,0.780053911,,,,,,,,,,,,
66681,CH4(g) + 5* -> C* + 4H*,,Ir9Nb3,111,-0.268627108,,,,,,,,,,,,
65305,CH4(g) + 5* -> C* + 4H*,,Ir9Ni3,111,0.442267302,,,,,,,,,,,,
67837,CH4(g) + 5* -> C* + 4H*,,Ir9Os3,111,0.579611048,,,,,,,,,,,,
19617,CH4(g) + 5* -> C* + 4H*,,Ir9Pb3,111,1.864956139,,,,,,,,,,,,
61748,CH4(g) + 5* -> C* + 4H*,,Ir9Pd3,111,-0.126093743,,,,,,,,,,,,
15708,CH4(g) + 5* -> C* + 4H*,,Ir9Pt3,111,0.080994548,,,,,,,,,,,,
68307,CH4(g) + 5* -> C* + 4H*,,Ir9Re3,111,1.011500337,,,,,,,,,,,,
65304,CH4(g) + 5* -> C* + 4H*,,Ir9Rh3,111,0.332722162,,,,,,,,,,,,
68308,CH4(g) + 5* -> C* + 4H*,,Ir9Ru3,111,0.887432481,,,,,,,,,,,,
66679,CH4(g) + 5* -> C* + 4H*,,Ir9Sc3,111,-1.365789017,,,,,,,,,,,,
20101,CH4(g) + 5* -> C* + 4H*,,Ir9Sn3,111,-0.000258644,,,,,,,,,,,,
67219,CH4(g) + 5* -> C* + 4H*,,Ir9Ta3,111,-0.174466468,,,,,,,,,,,,
67239,CH4(g) + 5* -> C* + 4H*,,Ir9Tc3,111,0.988155963,,,,,,,,,,,,
66680,CH4(g) + 5* -> C* + 4H*,,Ir9Ti3,111,-0.808101773,,,,,,,,,,,,
19309,CH4(g) + 5* -> C* + 4H*,,Ir9Tl3,111,-0.442284854,,,,,,,,,,,,
66701,CH4(g) + 5* -> C* + 4H*,,Ir9V3,111,0.107545784,,,,,,,,,,,,
67836,CH4(g) + 5* -> C* + 4H*,,Ir9W3,111,0.929206853,,,,,,,,,,,,
66678,CH4(g) + 5* -> C* + 4H*,,Ir9Y3,111,-1.944301541,,,,,,,,,,,,
17385,CH4(g) + 5* -> C* + 4H*,,Ir9Zn3,111,-0.074213335,,,,,,,,,,,,
67218,CH4(g) + 5* -> C* + 4H*,,Ir9Zr3,111,-1.383078722,,,,,,,,,,,,
62177,CH4(g) + 5* -> C* + 4H*,,La12,111,-0.910392902,,,,,,,,,,,,
64824,CH4(g) + 5* -> C* + 4H*,,La3Mo9,111,-1.615730884,,,,,,,,,,,,
64609,CH4(g) + 5* -> C* + 4H*,,La3Nb9,111,-2.041344003,,,,,,,,,,,,
65880,CH4(g) + 5* -> C* + 4H*,,La3Os9,111,-1.807764069,,,,,,,,,,,,
77296,CH4(g) + 5* -> C* + 4H*,,La3Pb9,111,6.066169586,,,,,,,,,,,,
69860,CH4(g) + 5* -> C* + 4H*,,La3Pd9,111,1.103271545,,,,,,,,,,,,
69763,CH4(g) + 5* -> C* + 4H*,,La3Pt9,111,-0.088233456,,,,,,,,,,,,
66312,CH4(g) + 5* -> C* + 4H*,,La3Re9,111,-3.260887614,,,,,,,,,,,,
68005,CH4(g) + 5* -> C* + 4H*,,La3Rh9,111,-2.307490385,,,,,,,,,,,,
66672,CH4(g) + 5* -> C* + 4H*,,La3Ru9,111,-2.300986592,,,,,,,,,,,,
64410,CH4(g) + 5* -> C* + 4H*,,La3Sc9,111,-2.45316544,,,,,,,,,,,,
79750,CH4(g) + 5* -> C* + 4H*,,La3Sn9,111,5.741720229,,,,,,,,,,,,
64582,CH4(g) + 5* -> C* + 4H*,,La3Ta9,111,-2.271148766,,,,,,,,,,,,
66335,CH4(g) + 5* -> C* + 4H*,,La3Tc9,111,-2.674238478,,,,,,,,,,,,
64403,CH4(g) + 5* -> C* + 4H*,,La3Ti9,111,-3.187973895,,,,,,,,,,,,
78315,CH4(g) + 5* -> C* + 4H*,,La3Tl9,111,5.338738138,,,,,,,,,,,,
65103,CH4(g) + 5* -> C* + 4H*,,La3V9,111,-1.777589638,,,,,,,,,,,,
65791,CH4(g) + 5* -> C* + 4H*,,La3W9,111,-2.095702824,,,,,,,,,,,,
63052,CH4(g) + 5* -> C* + 4H*,,La3Y9,111,-1.974303997,,,,,,,,,,,,
63922,CH4(g) + 5* -> C* + 4H*,,La3Zr9,111,-2.875963269,,,,,,,,,,,,
870,CH4(g) + 5* -> C* + 4H*,,La9Mn3,111,-1.418309709,,,,,,,,,,,,
2181,CH4(g) + 5* -> C* + 4H*,,La9Mo3,111,-1.744277461,,,,,,,,,,,,
46354,CH4(g) + 5* -> C* + 4H*,,La9Ni3,111,1.654877589,,,,,,,,,,,,
864,CH4(g) + 5* -> C* + 4H*,,La9Os3,111,-0.306011604,,,,,,,,,,,,
1697,CH4(g) + 5* -> C* + 4H*,,La9Pb3,111,-1.408290341,,,,,,,,,,,,
43995,CH4(g) + 5* -> C* + 4H*,,La9Pd3,111,-1.056484836,,,,,,,,,,,,
60669,CH4(g) + 5* -> C* + 4H*,,La9Pt3,111,1.838614975,,,,,,,,,,,,
862,CH4(g) + 5* -> C* + 4H*,,La9Re3,111,-1.627507835,,,,,,,,,,,,
866,CH4(g) + 5* -> C* + 4H*,,La9Rh3,111,-0.827130693,,,,,,,,,,,,
61742,CH4(g) + 5* -> C* + 4H*,,La9Ru3,111,-0.647991759,,,,,,,,,,,,
63237,CH4(g) + 5* -> C* + 4H*,,La9Sc3,111,-1.457056679,,,,,,,,,,,,
1266,CH4(g) + 5* -> C* + 4H*,,La9Sn3,111,-1.174063457,,,,,,,,,,,,
1355,CH4(g) + 5* -> C* + 4H*,,La9Ta3,111,-2.277033771,,,,,,,,,,,,
863,CH4(g) + 5* -> C* + 4H*,,La9Tc3,111,-0.374151494,,,,,,,,,,,,
821,CH4(g) + 5* -> C* + 4H*,,La9Ti3,111,-1.931194362,,,,,,,,,,,,
1265,CH4(g) + 5* -> C* + 4H*,,La9Tl3,111,-1.18840753,,,,,,,,,,,,
1315,CH4(g) + 5* -> C* + 4H*,,La9V3,111,-2.058380234,,,,,,,,,,,,
2570,CH4(g) + 5* -> C* + 4H*,,La9W3,111,-2.494954915,,,,,,,,,,,,
63966,CH4(g) + 5* -> C* + 4H*,,La9Y3,111,-1.430260676,,,,,,,,,,,,
873,CH4(g) + 5* -> C* + 4H*,,La9Zn3,111,-0.791475889,,,,,,,,,,,,
63106,CH4(g) + 5* -> C* + 4H*,,La9Zr3,111,-1.65899576,,,,,,,,,,,,
9500,CH4(g) + 5* -> C* + 4H*,,Mn3Mo9,111,-1.999677932,,,,,,,,,,,,
3808,CH4(g) + 5* -> C* + 4H*,,Mn3Nb9,111,-2.691191578,,,,,,,,,,,,
16178,CH4(g) + 5* -> C* + 4H*,,Mn3Ni9,111,0.51669656,,,,,,,,,,,,
14415,CH4(g) + 5* -> C* + 4H*,,Mn3Os9,111,-0.057108532,,,,,,,,,,,,
73353,CH4(g) + 5* -> C* + 4H*,,Mn3Pd9,111,1.464932877,,,,,,,,,,,,
78408,CH4(g) + 5* -> C* + 4H*,,Mn3Pt9,111,0.946199954,,,,,,,,,,,,
43284,CH4(g) + 5* -> C* + 4H*,,Mn3Rh9,111,0.324723784,,,,,,,,,,,,
14640,CH4(g) + 5* -> C* + 4H*,,Mn3Ru9,111,-0.121336241,,,,,,,,,,,,
80530,CH4(g) + 5* -> C* + 4H*,,Mn3Sn9,111,4.644415596,,,,,,,,,,,,
12084,CH4(g) + 5* -> C* + 4H*,,Mn3Ta9,111,-3.147642679,,,,,,,,,,,,
12829,CH4(g) + 5* -> C* + 4H*,,Mn3Tc9,111,-0.834475862,,,,,,,,,,,,
8353,CH4(g) + 5* -> C* + 4H*,,Mn3Ti9,111,-2.496190856,,,,,,,,,,,,
81656,CH4(g) + 5* -> C* + 4H*,,Mn3Tl9,111,4.305695637,,,,,,,,,,,,
11450,CH4(g) + 5* -> C* + 4H*,,Mn3W9,111,-2.591189199,,,,,,,,,,,,
87742,CH4(g) + 5* -> C* + 4H*,,Mn3Y9,111,-2.357704641,,,,,,,,,,,,
73655,CH4(g) + 5* -> C* + 4H*,,Mn3Zn9,111,3.334658492,,,,,,,,,,,,
44900,CH4(g) + 5* -> C* + 4H*,,Mn3Zr9,111,-2.497036313,,,,,,,,,,,,
70402,CH4(g) + 5* -> C* + 4H*,,Mn9Os3,111,-0.933567205,,,,,,,,,,,,
69265,CH4(g) + 5* -> C* + 4H*,,Mn9Re3,111,-1.14800706,,,,,,,,,,,,
69762,CH4(g) + 5* -> C* + 4H*,,Mn9Tc3,111,-0.839568065,,,,,,,,,,,,
58776,CH4(g) + 5* -> C* + 4H*,,Mo12,111,-2.87300131,,,,,,,,,,,,
2318,CH4(g) + 5* -> C* + 4H*,,Mo3Nb9,111,-4.413370539,,,,,,,,,,,,
69996,CH4(g) + 5* -> C* + 4H*,,Mo3Ni9,111,0.447441139,,,,,,,,,,,,
66670,CH4(g) + 5* -> C* + 4H*,,Mo3Os9,111,-0.938256679,,,,,,,,,,,,
77852,CH4(g) + 5* -> C* + 4H*,,Mo3Pb9,111,6.428058815,,,,,,,,,,,,
69886,CH4(g) + 5* -> C* + 4H*,,Mo3Pd9,111,1.165460169,,,,,,,,,,,,
74193,CH4(g) + 5* -> C* + 4H*,,Mo3Pt9,111,1.798352332,,,,,,,,,,,,
66647,CH4(g) + 5* -> C* + 4H*,,Mo3Re9,111,-1.608603134,,,,,,,,,,,,
68504,CH4(g) + 5* -> C* + 4H*,,Mo3Rh9,111,0.176347591,,,,,,,,,,,,
66675,CH4(g) + 5* -> C* + 4H*,,Mo3Ru9,111,-1.046870374,,,,,,,,,,,,
3029,CH4(g) + 5* -> C* + 4H*,,Mo3Sc9,111,-3.003506699,,,,,,,,,,,,
59816,CH4(g) + 5* -> C* + 4H*,,Mo3Sn9,111,6.463901105,,,,,,,,,,,,
11133,CH4(g) + 5* -> C* + 4H*,,Mo3Ta9,111,-4.373856344,,,,,,,,,,,,
65878,CH4(g) + 5* -> C* + 4H*,,Mo3Tc9,111,-1.275098917,,,,,,,,,,,,
7795,CH4(g) + 5* -> C* + 4H*,,Mo3Ti9,111,-3.153979121,,,,,,,,,,,,
65311,CH4(g) + 5* -> C* + 4H*,,Mo3W9,111,-4.211802893,,,,,,,,,,,,
87655,CH4(g) + 5* -> C* + 4H*,,Mo3Y9,111,-2.026704006,,,,,,,,,,,,
72506,CH4(g) + 5* -> C* + 4H*,,Mo3Zn9,111,0.311707626,,,,,,,,,,,,
5321,CH4(g) + 5* -> C* + 4H*,,Mo3Zr9,111,-3.267378073,,,,,,,,,,,,
8844,CH4(g) + 5* -> C* + 4H*,,Mo9Ni3,111,-2.044399297,,,,,,,,,,,,
65301,CH4(g) + 5* -> C* + 4H*,,Mo9Os3,111,-1.957028578,,,,,,,,,,,,
11019,CH4(g) + 5* -> C* + 4H*,,Mo9Pb3,111,-1.143206019,,,,,,,,,,,,
11016,CH4(g) + 5* -> C* + 4H*,,Mo9Pd3,111,-2.58370702,,,,,,,,,,,,
10197,CH4(g) + 5* -> C* + 4H*,,Mo9Pt3,111,-2.247596905,,,,,,,,,,,,
64867,CH4(g) + 5* -> C* + 4H*,,Mo9Re3,111,-2.307445758,,,,,,,,,,,,
8792,CH4(g) + 5* -> C* + 4H*,,Mo9Rh3,111,-1.953316401,,,,,,,,,,,,
65302,CH4(g) + 5* -> C* + 4H*,,Mo9Ru3,111,-1.820561991,,,,,,,,,,,,
65255,CH4(g) + 5* -> C* + 4H*,,Mo9Sc3,111,-3.554332049,,,,,,,,,,,,
10229,CH4(g) + 5* -> C* + 4H*,,Mo9Sn3,111,-1.429938358,,,,,,,,,,,,
61744,CH4(g) + 5* -> C* + 4H*,,Mo9Tc3,111,-2.067333596,,,,,,,,,,,,
10275,CH4(g) + 5* -> C* + 4H*,,Mo9Tl3,111,-1.631333212,,,,,,,,,,,,
65256,CH4(g) + 5* -> C* + 4H*,,Mo9W3,111,-3.543821787,,,,,,,,,,,,
11735,CH4(g) + 5* -> C* + 4H*,,Mo9Zn3,111,-2.467045151,,,,,,,,,,,,
65698,CH4(g) + 5* -> C* + 4H*,,Mo9Zr3,111,-1.474448835,,,,,,,,,,,,
62732,CH4(g) + 5* -> C* + 4H*,,Nb12,111,-3.046058229,,,,,,,,,,,,
68721,CH4(g) + 5* -> C* + 4H*,,Nb3Ni9,111,1.208904096,,,,,,,,,,,,
65901,CH4(g) + 5* -> C* + 4H*,,Nb3Os9,111,-1.561384444,,,,,,,,,,,,
77849,CH4(g) + 5* -> C* + 4H*,,Nb3Pb9,111,2.27674193,,,,,,,,,,,,
69885,CH4(g) + 5* -> C* + 4H*,,Nb3Pd9,111,1.999231257,,,,,,,,,,,,
73277,CH4(g) + 5* -> C* + 4H*,,Nb3Pt9,111,2.148346511,,,,,,,,,,,,
65819,CH4(g) + 5* -> C* + 4H*,,Nb3Re9,111,-2.400215897,,,,,,,,,,,,
67492,CH4(g) + 5* -> C* + 4H*,,Nb3Rh9,111,-0.631265058,,,,,,,,,,,,
66674,CH4(g) + 5* -> C* + 4H*,,Nb3Ru9,111,-1.587550911,,,,,,,,,,,,
3015,CH4(g) + 5* -> C* + 4H*,,Nb3Sc9,111,-2.729095403,,,,,,,,,,,,
79057,CH4(g) + 5* -> C* + 4H*,,Nb3Sn9,111,3.202663008,,,,,,,,,,,,
63808,CH4(g) + 5* -> C* + 4H*,,Nb3Ta9,111,-3.702715589,,,,,,,,,,,,
61152,CH4(g) + 5* -> C* + 4H*,,Nb3Tc9,111,-1.98199407,,,,,,,,,,,,
7272,CH4(g) + 5* -> C* + 4H*,,Nb3Ti9,111,-2.798607019,,,,,,,,,,,,
79507,CH4(g) + 5* -> C* + 4H*,,Nb3Tl9,111,4.868901758,,,,,,,,,,,,
64613,CH4(g) + 5* -> C* + 4H*,,Nb3V9,111,-3.601831696,,,,,,,,,,,,
66399,CH4(g) + 5* -> C* + 4H*,,Nb3W9,111,-4.803185858,,,,,,,,,,,,
87709,CH4(g) + 5* -> C* + 4H*,,Nb3Y9,111,-2.943224096,,,,,,,,,,,,
72504,CH4(g) + 5* -> C* + 4H*,,Nb3Zn9,111,0.61851149,,,,,,,,,,,,
4629,CH4(g) + 5* -> C* + 4H*,,Nb3Zr9,111,-3.154268242,,,,,,,,,,,,
2838,CH4(g) + 5* -> C* + 4H*,,Nb9Ni3,111,-2.324018172,,,,,,,,,,,,
2835,CH4(g) + 5* -> C* + 4H*,,Nb9Os3,111,-4.00051779,,,,,,,,,,,,
5147,CH4(g) + 5* -> C* + 4H*,,Nb9Pb3,111,-2.920218232,,,,,,,,,,,,
3252,CH4(g) + 5* -> C* + 4H*,,Nb9Pd3,111,-3.116236115,,,,,,,,,,,,
4611,CH4(g) + 5* -> C* + 4H*,,Nb9Pt3,111,-2.988481933,,,,,,,,,,,,
2885,CH4(g) + 5* -> C* + 4H*,,Nb9Re3,111,-4.107509278,,,,,,,,,,,,
2837,CH4(g) + 5* -> C* + 4H*,,Nb9Rh3,111,-3.258563762,,,,,,,,,,,,
3660,CH4(g) + 5* -> C* + 4H*,,Nb9Ru3,111,1.118335087,,,,,,,,,,,,
65102,CH4(g) + 5* -> C* + 4H*,,Nb9Sc3,111,-3.021163078,,,,,,,,,,,,
5944,CH4(g) + 5* -> C* + 4H*,,Nb9Sn3,111,-2.917591245,,,,,,,,,,,,
64611,CH4(g) + 5* -> C* + 4H*,,Nb9Ta3,111,-3.617008982,,,,,,,,,,,,
2834,CH4(g) + 5* -> C* + 4H*,,Nb9Tc3,111,-3.342568706,,,,,,,,,,,,
43524,CH4(g) + 5* -> C* + 4H*,,Nb9Ti3,111,0.179426287,,,,,,,,,,,,
3842,CH4(g) + 5* -> C* + 4H*,,Nb9Tl3,111,-3.103469623,,,,,,,,,,,,
64129,CH4(g) + 5* -> C* + 4H*,,Nb9V3,111,-3.564228965,,,,,,,,,,,,
2286,CH4(g) + 5* -> C* + 4H*,,Nb9W3,111,-4.053377536,,,,,,,,,,,,
64608,CH4(g) + 5* -> C* + 4H*,,Nb9Y3,111,-2.556106105,,,,,,,,,,,,
3698,CH4(g) + 5* -> C* + 4H*,,Nb9Zn3,111,-3.152385623,,,,,,,,,,,,
65644,CH4(g) + 5* -> C* + 4H*,,Nb9Zr3,111,-3.237645827,,,,,,,,,,,,
13847,CH4(g) + 5* -> C* + 4H*,,Ni3Os9,111,0.736822505,,,,,,,,,,,,
71718,CH4(g) + 5* -> C* + 4H*,,Ni3Pd9,111,1.543490374,,,,,,,,,,,,
77514,CH4(g) + 5* -> C* + 4H*,,Ni3Pt9,111,1.227670019,,,,,,,,,,,,
12591,CH4(g) + 5* -> C* + 4H*,,Ni3Re9,111,-0.939521737,,,,,,,,,,,,
69049,CH4(g) + 5* -> C* + 4H*,,Ni3Rh9,111,0.413752085,,,,,,,,,,,,
10480,CH4(g) + 5* -> C* + 4H*,,Ni3Ta9,111,-3.229623367,,,,,,,,,,,,
43526,CH4(g) + 5* -> C* + 4H*,,Ni3Ti9,111,-2.746522254,,,,,,,,,,,,
6881,CH4(g) + 5* -> C* + 4H*,,Ni3V9,111,-2.757294424,,,,,,,,,,,,
11434,CH4(g) + 5* -> C* + 4H*,,Ni3W9,111,-2.574564131,,,,,,,,,,,,
73431,CH4(g) + 5* -> C* + 4H*,,Ni3Zn9,111,4.618995674,,,,,,,,,,,,
5464,CH4(g) + 5* -> C* + 4H*,,Ni3Zr9,111,-2.424369401,,,,,,,,,,,,
68082,CH4(g) + 5* -> C* + 4H*,,Ni9Os3,111,-0.050383102,,,,,,,,,,,,
16112,CH4(g) + 5* -> C* + 4H*,,Ni9Pd3,111,1.124333428,,,,,,,,,,,,
15650,CH4(g) + 5* -> C* + 4H*,,Ni9Pt3,111,1.109859965,,,,,,,,,,,,
68081,CH4(g) + 5* -> C* + 4H*,,Ni9Re3,111,-0.062392846,,,,,,,,,,,,
59961,CH4(g) + 5* -> C* + 4H*,,Ni9Rh3,111,0.890777985,,,,,,,,,,,,
68472,CH4(g) + 5* -> C* + 4H*,,Ni9Ru3,111,0.525397672,,,,,,,,,,,,
68811,CH4(g) + 5* -> C* + 4H*,,Ni9Sc3,111,-1.091362891,,,,,,,,,,,,
16941,CH4(g) + 5* -> C* + 4H*,,Ni9Sn3,111,0.718615368,,,,,,,,,,,,
68080,CH4(g) + 5* -> C* + 4H*,,Ni9Ta3,111,0.646465608,,,,,,,,,,,,
70526,CH4(g) + 5* -> C* + 4H*,,Ni9Ti3,111,0.966452027,,,,,,,,,,,,
16625,CH4(g) + 5* -> C* + 4H*,,Ni9Tl3,111,0.451194813,,,,,,,,,,,,
69336,CH4(g) + 5* -> C* + 4H*,,Ni9V3,111,0.98485631,,,,,,,,,,,,
68166,CH4(g) + 5* -> C* + 4H*,,Ni9Y3,111,-0.515313269,,,,,,,,,,,,
17947,CH4(g) + 5* -> C* + 4H*,,Ni9Zn3,111,0.049911121,,,,,,,,,,,,
69493,CH4(g) + 5* -> C* + 4H*,,Ni9Zr3,111,0.177480945,,,,,,,,,,,,
58773,CH4(g) + 5* -> C* + 4H*,,Os12,111,0.643041192,,,,,,,,,,,,
60551,CH4(g) + 5* -> C* + 4H*,,Os3Pd9,111,-0.043559439,,,,,,,,,,,,
76086,CH4(g) + 5* -> C* + 4H*,,Os3Pt9,111,0.90278283,,,,,,,,,,,,
65313,CH4(g) + 5* -> C* + 4H*,,Os3Re9,111,-0.78768997,,,,,,,,,,,,
61737,CH4(g) + 5* -> C* + 4H*,,Os3Rh9,111,0.425007257,,,,,,,,,,,,
61146,CH4(g) + 5* -> C* + 4H*,,Os3Ru9,111,-0.023835131,,,,,,,,,,,,
3008,CH4(g) + 5* -> C* + 4H*,,Os3Sc9,111,-3.169522944,,,,,,,,,,,,
80729,CH4(g) + 5* -> C* + 4H*,,Os3Sn9,111,1.389789594,,,,,,,,,,,,
60543,CH4(g) + 5* -> C* + 4H*,,Os3Ta9,111,-4.477504913,,,,,,,,,,,,
67188,CH4(g) + 5* -> C* + 4H*,,Os3Tc9,111,-0.980395276,,,,,,,,,,,,
8334,CH4(g) + 5* -> C* + 4H*,,Os3Ti9,111,-3.009164762,,,,,,,,,,,,
80884,CH4(g) + 5* -> C* + 4H*,,Os3Tl9,111,6.042090369,,,,,,,,,,,,
10959,CH4(g) + 5* -> C* + 4H*,,Os3W9,111,-2.355508001,,,,,,,,,,,,
87686,CH4(g) + 5* -> C* + 4H*,,Os3Y9,111,-2.695526896,,,,,,,,,,,,
73093,CH4(g) + 5* -> C* + 4H*,,Os3Zn9,111,0.316667854,,,,,,,,,,,,
6379,CH4(g) + 5* -> C* + 4H*,,Os3Zr9,111,-3.369077627,,,,,,,,,,,,
61011,CH4(g) + 5* -> C* + 4H*,,Os9Pb3,111,1.57757168,,,,,,,,,,,,
61750,CH4(g) + 5* -> C* + 4H*,,Os9Pd3,111,-0.075489685,,,,,,,,,,,,
14416,CH4(g) + 5* -> C* + 4H*,,Os9Pt3,111,0.212063349,,,,,,,,,,,,
67817,CH4(g) + 5* -> C* + 4H*,,Os9Re3,111,-0.108706213,,,,,,,,,,,,
13846,CH4(g) + 5* -> C* + 4H*,,Os9Rh3,111,0.59487228,,,,,,,,,,,,
65335,CH4(g) + 5* -> C* + 4H*,,Os9Ru3,111,0.180178409,,,,,,,,,,,,
65881,CH4(g) + 5* -> C* + 4H*,,Os9Sc3,111,-1.707991897,,,,,,,,,,,,
14578,CH4(g) + 5* -> C* + 4H*,,Os9Sn3,111,-0.639625755,,,,,,,,,,,,
46746,CH4(g) + 5* -> C* + 4H*,,Os9Ta3,111,-1.503245826,,,,,,,,,,,,
68291,CH4(g) + 5* -> C* + 4H*,,Os9Tc3,111,-0.348951439,,,,,,,,,,,,
66650,CH4(g) + 5* -> C* + 4H*,,Os9Ti3,111,-1.51247756,,,,,,,,,,,,
66327,CH4(g) + 5* -> C* + 4H*,,Os9V3,111,-0.986225723,,,,,,,,,,,,
67211,CH4(g) + 5* -> C* + 4H*,,Os9W3,111,-0.769629774,,,,,,,,,,,,
65879,CH4(g) + 5* -> C* + 4H*,,Os9Y3,111,-2.76344964,,,,,,,,,,,,
14419,CH4(g) + 5* -> C* + 4H*,,Os9Zn3,111,-0.266092232,,,,,,,,,,,,
65882,CH4(g) + 5* -> C* + 4H*,,Os9Zr3,111,-2.195611597,,,,,,,,,,,,
58775,CH4(g) + 5* -> C* + 4H*,,Pb12,111,8.193932999,,,,,,,,,,,,
19480,CH4(g) + 5* -> C* + 4H*,,Pb3Pd9,111,2.380535808,,,,,,,,,,,,
16328,CH4(g) + 5* -> C* + 4H*,,Pb3Pt9,111,2.770391399,,,,,,,,,,,,
15647,CH4(g) + 5* -> C* + 4H*,,Pb3Rh9,111,-0.240767957,,,,,,,,,,,,
15124,CH4(g) + 5* -> C* + 4H*,,Pb3Ru9,111,-0.588892442,,,,,,,,,,,,
3746,CH4(g) + 5* -> C* + 4H*,,Pb3Sc9,111,-3.380133885,,,,,,,,,,,,
78974,CH4(g) + 5* -> C* + 4H*,,Pb3Sn9,111,6.865549158,,,,,,,,,,,,
1329,CH4(g) + 5* -> C* + 4H*,,Pb3Ta9,111,-3.271183722,,,,,,,,,,,,
14365,CH4(g) + 5* -> C* + 4H*,,Pb3Tc9,111,-0.622572925,,,,,,,,,,,,
9623,CH4(g) + 5* -> C* + 4H*,,Pb3Ti9,111,-3.309326735,,,,,,,,,,,,
77293,CH4(g) + 5* -> C* + 4H*,,Pb3Tl9,111,8.069936029,,,,,,,,,,,,
6448,CH4(g) + 5* -> C* + 4H*,,Pb3V9,111,-2.317593428,,,,,,,,,,,,
45226,CH4(g) + 5* -> C* + 4H*,,Pb3W9,111,-1.610118264,,,,,,,,,,,,
88168,CH4(g) + 5* -> C* + 4H*,,Pb3Y9,111,-2.803067374,,,,,,,,,,,,
17905,CH4(g) + 5* -> C* + 4H*,,Pb3Zn9,111,5.383496919,,,,,,,,,,,,
8520,CH4(g) + 5* -> C* + 4H*,,Pb3Zr9,111,-3.237785694,,,,,,,,,,,,
77854,CH4(g) + 5* -> C* + 4H*,,Pb9Re3,111,-0.175619687,,,,,,,,,,,,
78392,CH4(g) + 5* -> C* + 4H*,,Pb9Rh3,111,3.574103704,,,,,,,,,,,,
78358,CH4(g) + 5* -> C* + 4H*,,Pb9Ru3,111,5.976450116,,,,,,,,,,,,
77297,CH4(g) + 5* -> C* + 4H*,,Pb9Sc3,111,4.845720788,,,,,,,,,,,,
77294,CH4(g) + 5* -> C* + 4H*,,Pb9Sn3,111,6.853392745,,,,,,,,,,,,
77848,CH4(g) + 5* -> C* + 4H*,,Pb9Ta3,111,1.235099679,,,,,,,,,,,,
78962,CH4(g) + 5* -> C* + 4H*,,Pb9Tl3,111,7.562217729,,,,,,,,,,,,
77850,CH4(g) + 5* -> C* + 4H*,,Pb9V3,111,2.528654853,,,,,,,,,,,,
59872,CH4(g) + 5* -> C* + 4H*,,Pb9W3,111,5.768154728,,,,,,,,,,,,
77774,CH4(g) + 5* -> C* + 4H*,,Pb9W3,111,0.413760384,,,,,,,,,,,,
77295,CH4(g) + 5* -> C* + 4H*,,Pb9Y3,111,5.718989336,,,,,,,,,,,,
79006,CH4(g) + 5* -> C* + 4H*,,Pb9Zn3,111,6.77224935,,,,,,,,,,,,
77318,CH4(g) + 5* -> C* + 4H*,,Pb9Zr3,111,3.24112902,,,,,,,,,,,,
61826,CH4(g) + 5* -> C* + 4H*,,Pd12,111,1.345820488,,,,,,,,,,,,
78618,CH4(g) + 5* -> C* + 4H*,,Pd3Pt9,111,0.79100554,,,,,,,,,,,,
12619,CH4(g) + 5* -> C* + 4H*,,Pd3Re9,111,-1.832451869,,,,,,,,,,,,
15130,CH4(g) + 5* -> C* + 4H*,,Pd3Rh9,111,0.054282357,,,,,,,,,,,,
14642,CH4(g) + 5* -> C* + 4H*,,Pd3Ru9,111,-0.35041133,,,,,,,,,,,,
3664,CH4(g) + 5* -> C* + 4H*,,Pd3Sc9,111,-3.120102989,,,,,,,,,,,,
81589,CH4(g) + 5* -> C* + 4H*,,Pd3Sn9,111,6.831775069,,,,,,,,,,,,
10455,CH4(g) + 5* -> C* + 4H*,,Pd3Ta9,111,-3.472363469,,,,,,,,,,,,
12803,CH4(g) + 5* -> C* + 4H*,,Pd3Tc9,111,-1.543046013,,,,,,,,,,,,
8889,CH4(g) + 5* -> C* + 4H*,,Pd3Ti9,111,-3.034259917,,,,,,,,,,,,
7662,CH4(g) + 5* -> C* + 4H*,,Pd3V9,111,-2.919334406,,,,,,,,,,,,
47093,CH4(g) + 5* -> C* + 4H*,,Pd3W9,111,-3.000986789,,,,,,,,,,,,
88213,CH4(g) + 5* -> C* + 4H*,,Pd3Y9,111,-2.798615183,,,,,,,,,,,,
74729,CH4(g) + 5* -> C* + 4H*,,Pd3Zn9,111,5.978606755,,,,,,,,,,,,
5635,CH4(g) + 5* -> C* + 4H*,,Pd3Zr9,111,-2.891185046,,,,,,,,,,,,
69888,CH4(g) + 5* -> C* + 4H*,,Pd9Pt3,111,1.067650211,,,,,,,,,,,,
71145,CH4(g) + 5* -> C* + 4H*,,Pd9Re3,111,0.099998298,,,,,,,,,,,,
71146,CH4(g) + 5* -> C* + 4H*,,Pd9Rh3,111,0.823136334,,,,,,,,,,,,
69887,CH4(g) + 5* -> C* + 4H*,,Pd9Ru3,111,0.669568073,,,,,,,,,,,,
70473,CH4(g) + 5* -> C* + 4H*,,Pd9Sc3,111,1.171134288,,,,,,,,,,,,
19955,CH4(g) + 5* -> C* + 4H*,,Pd9Sn3,111,2.735238781,,,,,,,,,,,,
69369,CH4(g) + 5* -> C* + 4H*,,Pd9Ta3,111,1.932640511,,,,,,,,,,,,
59213,CH4(g) + 5* -> C* + 4H*,,Pd9Tc3,111,0.713131458,,,,,,,,,,,,
69349,CH4(g) + 5* -> C* + 4H*,,Pd9Ti3,111,2.213429067,,,,,,,,,,,,
18941,CH4(g) + 5* -> C* + 4H*,,Pd9Tl3,111,2.083766959,,,,,,,,,,,,
70490,CH4(g) + 5* -> C* + 4H*,,Pd9V3,111,1.859205558,,,,,,,,,,,,
70491,CH4(g) + 5* -> C* + 4H*,,Pd9W3,111,0.767860898,,,,,,,,,,,,
69348,CH4(g) + 5* -> C* + 4H*,,Pd9Y3,111,0.936676106,,,,,,,,,,,,
16838,CH4(g) + 5* -> C* + 4H*,,Pd9Zn3,111,1.981495285,,,,,,,,,,,,
71121,CH4(g) + 5* -> C* + 4H*,,Pd9Zr3,111,2.529439766,,,,,,,,,,,,
58780,CH4(g) + 5* -> C* + 4H*,,Pt12,111,0.973209702,,,,,,,,,,,,
13548,CH4(g) + 5* -> C* + 4H*,,Pt3Re9,111,-1.586951988,,,,,,,,,,,,
15129,CH4(g) + 5* -> C* + 4H*,,Pt3Rh9,111,0.465136565,,,,,,,,,,,,
14641,CH4(g) + 5* -> C* + 4H*,,Pt3Ru9,111,-0.076188201,,,,,,,,,,,,
4578,CH4(g) + 5* -> C* + 4H*,,Pt3Sc9,111,-2.94390819,,,,,,,,,,,,
9668,CH4(g) + 5* -> C* + 4H*,,Pt3Ta9,111,-3.548683237,,,,,,,,,,,,
13597,CH4(g) + 5* -> C* + 4H*,,Pt3Tc9,111,-1.334125307,,,,,,,,,,,,
44095,CH4(g) + 5* -> C* + 4H*,,Pt3Ti9,111,-2.944246564,,,,,,,,,,,,
59814,CH4(g) + 5* -> C* + 4H*,,Pt3Tl9,111,3.244586227,,,,,,,,,,,,
60542,CH4(g) + 5* -> C* + 4H*,,Pt3V9,111,-2.774175823,,,,,,,,,,,,
11420,CH4(g) + 5* -> C* + 4H*,,Pt3W9,111,-2.791040486,,,,,,,,,,,,
74112,CH4(g) + 5* -> C* + 4H*,,Pt3Zn9,111,4.470827376,,,,,,,,,,,,
5596,CH4(g) + 5* -> C* + 4H*,,Pt3Zr9,111,-2.883991308,,,,,,,,,,,,
75224,CH4(g) + 5* -> C* + 4H*,,Pt9Re3,111,0.425756931,,,,,,,,,,,,
76945,CH4(g) + 5* -> C* + 4H*,,Pt9Rh3,111,0.784626104,,,,,,,,,,,,
61740,CH4(g) + 5* -> C* + 4H*,,Pt9Ru3,111,1.026654492,,,,,,,,,,,,
70403,CH4(g) + 5* -> C* + 4H*,,Pt9Sc3,111,0.459989804,,,,,,,,,,,,
16739,CH4(g) + 5* -> C* + 4H*,,Pt9Sn3,111,1.617900584,,,,,,,,,,,,
72775,CH4(g) + 5* -> C* + 4H*,,Pt9Ta3,111,2.393145563,,,,,,,,,,,,
75675,CH4(g) + 5* -> C* + 4H*,,Pt9Tc3,111,1.338714778,,,,,,,,,,,,
72191,CH4(g) + 5* -> C* + 4H*,,Pt9Ti3,111,1.709226342,,,,,,,,,,,,
16257,CH4(g) + 5* -> C* + 4H*,,Pt9Tl3,111,1.198028523,,,,,,,,,,,,
73512,CH4(g) + 5* -> C* + 4H*,,Pt9V3,111,1.700008485,,,,,,,,,,,,
74820,CH4(g) + 5* -> C* + 4H*,,Pt9W3,111,1.073727329,,,,,,,,,,,,
69266,CH4(g) + 5* -> C* + 4H*,,Pt9Y3,111,0.088286247,,,,,,,,,,,,
45225,CH4(g) + 5* -> C* + 4H*,,Pt9Zn3,111,1.153960502,,,,,,,,,,,,
71032,CH4(g) + 5* -> C* + 4H*,,Pt9Zr3,111,1.894861178,,,,,,,,,,,,
58791,CH4(g) + 5* -> C* + 4H*,,Re12,111,-0.665345955,,,,,,,,,,,,
69571,CH4(g) + 5* -> C* + 4H*,,Re3Rh9,111,0.308733967,,,,,,,,,,,,
66676,CH4(g) + 5* -> C* + 4H*,,Re3Ru9,111,-0.508870838,,,,,,,,,,,,
3018,CH4(g) + 5* -> C* + 4H*,,Re3Sc9,111,-3.269964243,,,,,,,,,,,,
79483,CH4(g) + 5* -> C* + 4H*,,Re3Sn9,111,1.180844262,,,,,,,,,,,,
9643,CH4(g) + 5* -> C* + 4H*,,Re3Ta9,111,-4.322129136,,,,,,,,,,,,
66649,CH4(g) + 5* -> C* + 4H*,,Re3Tc9,111,-0.975973562,,,,,,,,,,,,
4108,CH4(g) + 5* -> C* + 4H*,,Re3V9,111,-4.066459545,,,,,,,,,,,,
61157,CH4(g) + 5* -> C* + 4H*,,Re3W9,111,-2.981571603,,,,,,,,,,,,
87726,CH4(g) + 5* -> C* + 4H*,,Re3Y9,111,-3.430079428,,,,,,,,,,,,
73092,CH4(g) + 5* -> C* + 4H*,,Re3Zn9,111,-0.712899753,,,,,,,,,,,,
5322,CH4(g) + 5* -> C* + 4H*,,Re3Zr9,111,-2.789747265,,,,,,,,,,,,
12111,CH4(g) + 5* -> C* + 4H*,,Re9Rh3,111,-1.535172943,,,,,,,,,,,,
12079,CH4(g) + 5* -> C* + 4H*,,Re9Ru3,111,-1.028259419,,,,,,,,,,,,
66646,CH4(g) + 5* -> C* + 4H*,,Re9Sc3,111,-2.199044721,,,,,,,,,,,,
15572,CH4(g) + 5* -> C* + 4H*,,Re9Sn3,111,-0.7426603,,,,,,,,,,,,
68910,CH4(g) + 5* -> C* + 4H*,,Re9Ta3,111,-2.454088995,,,,,,,,,,,,
65312,CH4(g) + 5* -> C* + 4H*,,Re9Tc3,111,-1.080551944,,,,,,,,,,,,
68347,CH4(g) + 5* -> C* + 4H*,,Re9Ti3,111,-1.92046328,,,,,,,,,,,,
65876,CH4(g) + 5* -> C* + 4H*,,Re9V3,111,-1.92705932,,,,,,,,,,,,
67186,CH4(g) + 5* -> C* + 4H*,,Re9W3,111,-1.633048209,,,,,,,,,,,,
65874,CH4(g) + 5* -> C* + 4H*,,Re9Y3,111,-3.263395008,,,,,,,,,,,,
13428,CH4(g) + 5* -> C* + 4H*,,Re9Zn3,111,-1.04584328,,,,,,,,,,,,
67185,CH4(g) + 5* -> C* + 4H*,,Re9Zr3,111,-2.592945557,,,,,,,,,,,,
58777,CH4(g) + 5* -> C* + 4H*,,Rh12,111,0.789247005,,,,,,,,,,,,
14637,CH4(g) + 5* -> C* + 4H*,,Rh3Ru9,111,-0.191727465,,,,,,,,,,,,
3662,CH4(g) + 5* -> C* + 4H*,,Rh3Sc9,111,-2.906774039,,,,,,,,,,,,
79035,CH4(g) + 5* -> C* + 4H*,,Rh3Sn9,111,7.94648696,,,,,,,,,,,,
9799,CH4(g) + 5* -> C* + 4H*,,Rh3Ta9,111,-3.532877369,,,,,,,,,,,,
13815,CH4(g) + 5* -> C* + 4H*,,Rh3Tc9,111,-1.424516217,,,,,,,,,,,,
8337,CH4(g) + 5* -> C* + 4H*,,Rh3Ti9,111,-3.147673019,,,,,,,,,,,,
61747,CH4(g) + 5* -> C* + 4H*,,Rh3V9,111,-2.98696381,,,,,,,,,,,,
43525,CH4(g) + 5* -> C* + 4H*,,Rh3W9,111,-2.509732601,,,,,,,,,,,,
59224,CH4(g) + 5* -> C* + 4H*,,Rh3Y9,111,2.097431019,,,,,,,,,,,,
73094,CH4(g) + 5* -> C* + 4H*,,Rh3Zn9,111,3.947592057,,,,,,,,,,,,
5592,CH4(g) + 5* -> C* + 4H*,,Rh3Zr9,111,-3.267346508,,,,,,,,,,,,
68077,CH4(g) + 5* -> C* + 4H*,,Rh9Ru3,111,0.490041512,,,,,,,,,,,,
67488,CH4(g) + 5* -> C* + 4H*,,Rh9Sc3,111,-1.276472548,,,,,,,,,,,,
16226,CH4(g) + 5* -> C* + 4H*,,Rh9Sn3,111,0.018847421,,,,,,,,,,,,
67491,CH4(g) + 5* -> C* + 4H*,,Rh9Ta3,111,-0.571936213,,,,,,,,,,,,
70178,CH4(g) + 5* -> C* + 4H*,,Rh9Tc3,111,0.32455072,,,,,,,,,,,,
67490,CH4(g) + 5* -> C* + 4H*,,Rh9Ti3,111,-0.82774363,,,,,,,,,,,,
15646,CH4(g) + 5* -> C* + 4H*,,Rh9Tl3,111,-0.292720203,,,,,,,,,,,,
67516,CH4(g) + 5* -> C* + 4H*,,Rh9V3,111,-0.129285094,,,,,,,,,,,,
69048,CH4(g) + 5* -> C* + 4H*,,Rh9W3,111,0.269417054,,,,,,,,,,,,
67487,CH4(g) + 5* -> C* + 4H*,,Rh9Y3,111,-2.265380905,,,,,,,,,,,,
17058,CH4(g) + 5* -> C* + 4H*,,Rh9Zn3,111,0.016505881,,,,,,,,,,,,
67489,CH4(g) + 5* -> C* + 4H*,,Rh9Zr3,111,-1.421718751,,,,,,,,,,,,
58779,CH4(g) + 5* -> C* + 4H*,,Ru12,111,-0.045352941,,,,,,,,,,,,
4001,CH4(g) + 5* -> C* + 4H*,,Ru3Sc9,111,-2.948240243,,,,,,,,,,,,
81379,CH4(g) + 5* -> C* + 4H*,,Ru3Sn9,111,3.113670354,,,,,,,,,,,,
9628,CH4(g) + 5* -> C* + 4H*,,Ru3Ta9,111,-4.02325018,,,,,,,,,,,,
59223,CH4(g) + 5* -> C* + 4H*,,Ru3Tc9,111,-1.007627476,,,,,,,,,,,,
8335,CH4(g) + 5* -> C* + 4H*,,Ru3Ti9,111,-3.390457068,,,,,,,,,,,,
4804,CH4(g) + 5* -> C* + 4H*,,Ru3V9,111,-3.738587676,,,,,,,,,,,,
10974,CH4(g) + 5* -> C* + 4H*,,Ru3W9,111,-2.286617757,,,,,,,,,,,,
87701,CH4(g) + 5* -> C* + 4H*,,Ru3Y9,111,-2.52870465,,,,,,,,,,,,
72509,CH4(g) + 5* -> C* + 4H*,,Ru3Zn9,111,1.796381003,,,,,,,,,,,,
44094,CH4(g) + 5* -> C* + 4H*,,Ru3Zr9,111,-3.322279762,,,,,,,,,,,,
67212,CH4(g) + 5* -> C* + 4H*,,Ru9Sc3,111,-1.760653817,,,,,,,,,,,,
15125,CH4(g) + 5* -> C* + 4H*,,Ru9Sn3,111,-0.59496099,,,,,,,,,,,,
68292,CH4(g) + 5* -> C* + 4H*,,Ru9Ta3,111,-1.56442831,,,,,,,,,,,,
67216,CH4(g) + 5* -> C* + 4H*,,Ru9Tc3,111,-0.545618179,,,,,,,,,,,,
67818,CH4(g) + 5* -> C* + 4H*,,Ru9Ti3,111,-1.344691759,,,,,,,,,,,,
15123,CH4(g) + 5* -> C* + 4H*,,Ru9Tl3,111,-0.669535692,,,,,,,,,,,,
67214,CH4(g) + 5* -> C* + 4H*,,Ru9V3,111,-0.99185467,,,,,,,,,,,,
67215,CH4(g) + 5* -> C* + 4H*,,Ru9W3,111,-1.007489923,,,,,,,,,,,,
60541,CH4(g) + 5* -> C* + 4H*,,Ru9Y3,111,-2.782160595,,,,,,,,,,,,
15118,CH4(g) + 5* -> C* + 4H*,,Ru9Zn3,111,-0.561875484,,,,,,,,,,,,
66673,CH4(g) + 5* -> C* + 4H*,,Ru9Zr3,111,-2.044350317,,,,,,,,,,,,
62298,CH4(g) + 5* -> C* + 4H*,,Sc12,111,-2.452043787,,,,,,,,,,,,
80542,CH4(g) + 5* -> C* + 4H*,,Sc3Sn9,111,5.690373572,,,,,,,,,,,,
64583,CH4(g) + 5* -> C* + 4H*,,Sc3Ta9,111,-3.509116389,,,,,,,,,,,,
66705,CH4(g) + 5* -> C* + 4H*,,Sc3Tc9,111,-2.029736851,,,,,,,,,,,,
63901,CH4(g) + 5* -> C* + 4H*,,Sc3Ti9,111,-3.257408367,,,,,,,,,,,,
65645,CH4(g) + 5* -> C* + 4H*,,Sc3V9,111,-3.112324887,,,,,,,,,,,,
66218,CH4(g) + 5* -> C* + 4H*,,Sc3W9,111,-3.049740745,,,,,,,,,,,,
63687,CH4(g) + 5* -> C* + 4H*,,Sc3Y9,111,-2.336100298,,,,,,,,,,,,
73088,CH4(g) + 5* -> C* + 4H*,,Sc3Zn9,111,2.766962357,,,,,,,,,,,,
64411,CH4(g) + 5* -> C* + 4H*,,Sc3Zr9,111,-2.621739555,,,,,,,,,,,,
4587,CH4(g) + 5* -> C* + 4H*,,Sc9Sn3,111,-3.167118274,,,,,,,,,,,,
3039,CH4(g) + 5* -> C* + 4H*,,Sc9Ta3,111,-2.929702215,,,,,,,,,,,,
3047,CH4(g) + 5* -> C* + 4H*,,Sc9Tc3,111,-3.023654688,,,,,,,,,,,,
3010,CH4(g) + 5* -> C* + 4H*,,Sc9Ti3,111,-2.865405797,,,,,,,,,,,,
3675,CH4(g) + 5* -> C* + 4H*,,Sc9Tl3,111,-3.229953849,,,,,,,,,,,,
3016,CH4(g) + 5* -> C* + 4H*,,Sc9V3,111,-3.236252332,,,,,,,,,,,,
61746,CH4(g) + 5* -> C* + 4H*,,Sc9W3,111,-3.160591895,,,,,,,,,,,,
63920,CH4(g) + 5* -> C* + 4H*,,Sc9Y3,111,-2.669077023,,,,,,,,,,,,
3739,CH4(g) + 5* -> C* + 4H*,,Sc9Zn3,111,-2.936192266,,,,,,,,,,,,
64950,CH4(g) + 5* -> C* + 4H*,,Sc9Zr3,111,-2.446948864,,,,,,,,,,,,
1339,CH4(g) + 5* -> C* + 4H*,,Sn3Ta9,111,-3.259621877,,,,,,,,,,,,
13644,CH4(g) + 5* -> C* + 4H*,,Sn3Tc9,111,-0.759625509,,,,,,,,,,,,
9624,CH4(g) + 5* -> C* + 4H*,,Sn3Ti9,111,-3.1586622,,,,,,,,,,,,
19094,CH4(g) + 5* -> C* + 4H*,,Sn3Tl9,111,6.79349872,,,,,,,,,,,,
5342,CH4(g) + 5* -> C* + 4H*,,Sn3V9,111,-2.495456693,,,,,,,,,,,,
12046,CH4(g) + 5* -> C* + 4H*,,Sn3W9,111,-1.682787489,,,,,,,,,,,,
61749,CH4(g) + 5* -> C* + 4H*,,Sn3Y9,111,-2.592704056,,,,,,,,,,,,
61077,CH4(g) + 5* -> C* + 4H*,,Sn3Zn9,111,5.173634698,,,,,,,,,,,,
59870,CH4(g) + 5* -> C* + 4H*,,Sn3Zr9,111,-2.956109095,,,,,,,,,,,,
59222,CH4(g) + 5* -> C* + 4H*,,Sn9Ta3,111,6.305000909,,,,,,,,,,,,
80098,CH4(g) + 5* -> C* + 4H*,,Sn9Tc3,111,2.451920519,,,,,,,,,,,,
82700,CH4(g) + 5* -> C* + 4H*,,Sn9Ti3,111,3.95027333,,,,,,,,,,,,
78973,CH4(g) + 5* -> C* + 4H*,,Sn9Tl3,111,6.691095616,,,,,,,,,,,,
79796,CH4(g) + 5* -> C* + 4H*,,Sn9V3,111,3.314328323,,,,,,,,,,,,
78963,CH4(g) + 5* -> C* + 4H*,,Sn9Y3,111,6.109831476,,,,,,,,,,,,
79013,CH4(g) + 5* -> C* + 4H*,,Sn9Zn3,111,6.095824961,,,,,,,,,,,,
81230,CH4(g) + 5* -> C* + 4H*,,Sn9Zr3,111,3.885869563,,,,,,,,,,,,
62645,CH4(g) + 5* -> C* + 4H*,,Ta12,111,-3.639270343,,,,,,,,,,,,
69013,CH4(g) + 5* -> C* + 4H*,,Ta3Tc9,111,-2.048330526,,,,,,,,,,,,
63902,CH4(g) + 5* -> C* + 4H*,,Ta3Ti9,111,-3.04211421,,,,,,,,,,,,
78911,CH4(g) + 5* -> C* + 4H*,,Ta3Tl9,111,0.354303511,,,,,,,,,,,,
67563,CH4(g) + 5* -> C* + 4H*,,Ta3V9,111,-3.390721154,,,,,,,,,,,,
66027,CH4(g) + 5* -> C* + 4H*,,Ta3W9,111,-4.382811747,,,,,,,,,,,,
87693,CH4(g) + 5* -> C* + 4H*,,Ta3Y9,111,-3.090569386,,,,,,,,,,,,
73090,CH4(g) + 5* -> C* + 4H*,,Ta3Zn9,111,0.234107562,,,,,,,,,,,,
5453,CH4(g) + 5* -> C* + 4H*,,Ta3Zr9,111,-3.233573507,,,,,,,,,,,,
64585,CH4(g) + 5* -> C* + 4H*,,Ta9Ti3,111,-3.461515651,,,,,,,,,,,,
1354,CH4(g) + 5* -> C* + 4H*,,Ta9Tl3,111,-3.463254186,,,,,,,,,,,,
10145,CH4(g) + 5* -> C* + 4H*,,Ta9V3,111,-3.796144107,,,,,,,,,,,,
11733,CH4(g) + 5* -> C* + 4H*,,Ta9W3,111,-4.361041687,,,,,,,,,,,,
64167,CH4(g) + 5* -> C* + 4H*,,Ta9Y3,111,-3.331374214,,,,,,,,,,,,
10381,CH4(g) + 5* -> C* + 4H*,,Ta9Zn3,111,-3.543772535,,,,,,,,,,,,
64584,CH4(g) + 5* -> C* + 4H*,,Ta9Zr3,111,-3.454449943,,,,,,,,,,,,
64070,CH4(g) + 5* -> C* + 4H*,,Tc12,111,-0.841620892,,,,,,,,,,,,
7820,CH4(g) + 5* -> C* + 4H*,,Tc3Ti9,111,-3.185056427,,,,,,,,,,,,
4802,CH4(g) + 5* -> C* + 4H*,,Tc3V9,111,-3.947993697,,,,,,,,,,,,
10958,CH4(g) + 5* -> C* + 4H*,,Tc3W9,111,-2.698125311,,,,,,,,,,,,
59226,CH4(g) + 5* -> C* + 4H*,,Tc3Y9,111,-3.259196835,,,,,,,,,,,,
72508,CH4(g) + 5* -> C* + 4H*,,Tc3Zn9,111,0.748050603,,,,,,,,,,,,
5336,CH4(g) + 5* -> C* + 4H*,,Tc3Zr9,111,-3.401897822,,,,,,,,,,,,
68413,CH4(g) + 5* -> C* + 4H*,,Tc9Ti3,111,-1.703380521,,,,,,,,,,,,
15081,CH4(g) + 5* -> C* + 4H*,,Tc9Tl3,111,-0.296342991,,,,,,,,,,,,
60540,CH4(g) + 5* -> C* + 4H*,,Tc9V3,111,-1.440166165,,,,,,,,,,,,
66315,CH4(g) + 5* -> C* + 4H*,,Tc9W3,111,-1.362464466,,,,,,,,,,,,
65877,CH4(g) + 5* -> C* + 4H*,,Tc9Y3,111,-3.107333095,,,,,,,,,,,,
13638,CH4(g) + 5* -> C* + 4H*,,Tc9Zn3,111,-0.98426351,,,,,,,,,,,,
67358,CH4(g) + 5* -> C* + 4H*,,Tc9Zr3,111,-2.29167717,,,,,,,,,,,,
59289,CH4(g) + 5* -> C* + 4H*,,Ti12,111,-2.753284827,,,,,,,,,,,,
78682,CH4(g) + 5* -> C* + 4H*,,Ti3Tl9,111,2.838573332,,,,,,,,,,,,
66952,CH4(g) + 5* -> C* + 4H*,,Ti3V9,111,-3.145414202,,,,,,,,,,,,
87678,CH4(g) + 5* -> C* + 4H*,,Ti3Y9,111,-2.840958273,,,,,,,,,,,,
72503,CH4(g) + 5* -> C* + 4H*,,Ti3Zn9,111,1.745510001,,,,,,,,,,,,
4626,CH4(g) + 5* -> C* + 4H*,,Ti3Zr9,111,-2.942923954,,,,,,,,,,,,
9603,CH4(g) + 5* -> C* + 4H*,,Ti9Tl3,111,-3.463663718,,,,,,,,,,,,
7793,CH4(g) + 5* -> C* + 4H*,,Ti9V3,111,-3.154864444,,,,,,,,,,,,
7894,CH4(g) + 5* -> C* + 4H*,,Ti9W3,111,-3.259550311,,,,,,,,,,,,
63900,CH4(g) + 5* -> C* + 4H*,,Ti9Y3,111,-3.342420676,,,,,,,,,,,,
8894,CH4(g) + 5* -> C* + 4H*,,Ti9Zn3,111,-3.079889326,,,,,,,,,,,,
64404,CH4(g) + 5* -> C* + 4H*,,Ti9Zr3,111,-3.165411848,,,,,,,,,,,,
5563,CH4(g) + 5* -> C* + 4H*,,Tl3V9,111,-2.65205222,,,,,,,,,,,,
12014,CH4(g) + 5* -> C* + 4H*,,Tl3W9,111,-2.173683711,,,,,,,,,,,,
60532,CH4(g) + 5* -> C* + 4H*,,Tl3Zn9,111,5.170221439,,,,,,,,,,,,
7567,CH4(g) + 5* -> C* + 4H*,,Tl3Zr9,111,-3.473568117,,,,,,,,,,,,
80047,CH4(g) + 5* -> C* + 4H*,,Tl9V3,111,6.865388475,,,,,,,,,,,,
80645,CH4(g) + 5* -> C* + 4H*,,Tl9W3,111,-0.361208671,,,,,,,,,,,,
83441,CH4(g) + 5* -> C* + 4H*,,Tl9Zn3,111,7.722237401,,,,,,,,,,,,
62819,CH4(g) + 5* -> C* + 4H*,,V12,111,-3.09936152,,,,,,,,,,,,
65310,CH4(g) + 5* -> C* + 4H*,,V3W9,111,-4.777113815,,,,,,,,,,,,
87667,CH4(g) + 5* -> C* + 4H*,,V3Y9,111,-1.723847971,,,,,,,,,,,,
72505,CH4(g) + 5* -> C* + 4H*,,V3Zn9,111,1.000837147,,,,,,,,,,,,
5364,CH4(g) + 5* -> C* + 4H*,,V3Zr9,111,-2.525077781,,,,,,,,,,,,
4197,CH4(g) + 5* -> C* + 4H*,,V9W3,111,-1.097405723,,,,,,,,,,,,
64612,CH4(g) + 5* -> C* + 4H*,,V9Y3,111,-2.784400364,,,,,,,,,,,,
10747,CH4(g) + 5* -> C* + 4H*,,V9Zn3,111,-3.195108856,,,,,,,,,,,,
66153,CH4(g) + 5* -> C* + 4H*,,V9Zr3,111,-3.208314677,,,,,,,,,,,,
63399,CH4(g) + 5* -> C* + 4H*,,W12,111,-2.95665822,,,,,,,,,,,,
87684,CH4(g) + 5* -> C* + 4H*,,W3Y9,111,-3.359296088,,,,,,,,,,,,
72507,CH4(g) + 5* -> C* + 4H*,,W3Zn9,111,-0.305244515,,,,,,,,,,,,
45802,CH4(g) + 5* -> C* + 4H*,,W3Zr9,111,-3.300348067,,,,,,,,,,,,
65307,CH4(g) + 5* -> C* + 4H*,,W9Y3,111,-2.920566809,,,,,,,,,,,,
12791,CH4(g) + 5* -> C* + 4H*,,W9Zn3,111,-2.808379444,,,,,,,,,,,,
65308,CH4(g) + 5* -> C* + 4H*,,W9Zr3,111,-2.820220614,,,,,,,,,,,,
61751,CH4(g) + 5* -> C* + 4H*,,Y12,111,-2.084006963,,,,,,,,,,,,
72501,CH4(g) + 5* -> C* + 4H*,,Y3Zn9,111,2.120608043,,,,,,,,,,,,
44633,CH4(g) + 5* -> C* + 4H*,,Y3Zr9,111,-2.84985694,,,,,,,,,,,,
88555,CH4(g) + 5* -> C* + 4H*,,Y9Zn3,111,-2.387823696,,,,,,,,,,,,
63036,CH4(g) + 5* -> C* + 4H*,,Y9Zr3,111,-2.476748322,,,,,,,,,,,,
62688,CH4(g) + 5* -> C* + 4H*,,Zn12,111,6.700048297,,,,,,,,,,,,
43511,CH4(g) + 5* -> C* + 4H*,,Zn3Zr9,111,-2.851122542,,,,,,,,,,,,
72502,CH4(g) + 5* -> C* + 4H*,,Zn9Zr3,111,1.606872354,,,,,,,,,,,,
62414,CH4(g) + 5* -> C* + 4H*,,Zr12,111,-2.707172552,,,,,,,,,,,,
